date,campaign,channel,region,device,landing_page,account_manager,impressions,clicks,spend,leads,orders,revenue,currency,is_promo_period,creative_id,notes
2026-05-11,B2B Leads,Email,Moscow,desktop,/contact,Ivan,5971,490,735.0,88,15,208402.97,RUB,False,cr_41996,
2026-04-18,B2B Leads,Email,Saint Petersburg,mobile,/case-study,Olga,3754,243,1389.16,42,10,124003.63,RUB,False,cr_48931,landing page updated
2026-02-18,Spring Promo,Email,Yekaterinburg,mobile,/,,11202,806,5601.29,81,26,189772.14,RUB,False,cr_22112,
2026-02-16,Brand Search,Meta Ads,Kazan,mobile,/blog/seo,Nikita,19279,308,5619.0,45,7,104813.98,RUB,False,cr_60574,
2026-06-30,Summer Sale,Google Ads,Kazan,mobile,/product,,17035,824,17122.08,74,18,225465.2,RUB,True,cr_41500,
2026-03-17,Summer Sale,LinkedIn,Yekaterinburg,desktop,/contact,Anna,10130,418,15244.19,41,7,110951.44,RUB,True,cr_37777,
2026-06-01,Summer Sale,LinkedIn,Yekaterinburg,mobile,/blog/seo,,14699,685,22656.39,52,13,137713.69,RUB,True,cr_25290,
2026-08-17,Summer Sale,Google Ads,Saint Petersburg,mobile,/product,Nikita,13481,744,16122.55,64,14,188106.44,RUB,True,cr_47748,
2026-09-15,B2B Leads,Meta Ads,Saint Petersburg,desktop,/case-study,Sergey,5925,112,1878.86,16,1,17162.26,RUB,False,cr_81082,
2026-06-24,Retargeting,Google Ads,Saint Petersburg,desktop,/,Sergey,4564,269,6143.56,23,5,66310.25,RUB,True,cr_78513,
2026-01-16,Spring Promo,Email,Kazan,tablet,/pricing,Olga,10256,914,3411.5,62,21,279596.98,RUB,False,cr_99613,
2026-01-21,Spring Promo,Referral,Moscow,mobile,/pricing,Sergey,7670,404,6247.06,30,8,114093.62,RUB,False,cr_91941,
2026-05-26,Awareness Video,Email,Yekaterinburg,mobile,/demo,Nikita,20654,1741,6883.81,84,25,252685.43,RUB,False,cr_27182,
2026-02-08,B2B Leads,Google Ads,Saint Petersburg,desktop,/demo,Nikita,11862,608,14939.04,102,18,213008.19,RUB,False,cr_37716,
2026-03-17,Awareness Video,Google Ads,Kazan,mobile,/contact,Olga,38078,2086,56152.45,70,18,198643.85,RUB,True,cr_55246,
2026-02-20,Retargeting,Referral,Novosibirsk,desktop,/case-study,Sergey,3774,151,2292.67,17,2,34511.25,RUB,False,cr_11306,
2026-09-12,Performance Max,Google Ads,Kazan,tablet,/case-study,Olga,20467,1001,27420.08,52,14,160924.11,RUB,False,cr_71888,
2026-09-20,Performance Max,Organic,Novosibirsk,mobile,/blog/seo,Anna,12536,784,4471.83,36,11,149574.71,RUB,False,cr_84797,
2026-03-03,Brand Search,Meta Ads,Kazan,mobile,/,Anna,23339,418,5087.25,42,7,91330.72,RUB,True,cr_77766,
2026-05-29,Brand Search,Google Ads,Novosibirsk,desktop,/,Olga,17046,866,20085.81,97,23,321547.0,RUB,False,cr_69258,
2026-05-09,Awareness Video,Email,Novosibirsk,desktop,/pricing,Nikita,14408,1396,2094.0,66,16,217405.96,RUB,False,cr_93509,creative refresh
2026-09-11,Awareness Video,Email,Kazan,mobile,/pricing,Anna,8469,757,8117.36,22,5,60291.7,RUB,False,cr_22202,
2026-04-07,Spring Promo,Meta Ads,Kazan,desktop,/contact,Ivan,17677,859,15041.14,78,9,107195.83,RUB,False,cr_59833,
2026-06-20,B2B Leads,LinkedIn,Kazan,mobile,/blog/seo,Olga,3218,112,4541.12,17,2,29248.39,RUB,True,cr_49823,
2026-04-18,Retargeting,LinkedIn,Saint Petersburg,mobile,/blog/seo,Anna,5107,83,3146.56,9,2,26335.36,RUB,False,cr_43161,
2026-02-15,Summer Sale,Google Ads,Moscow,tablet,/demo,Nikita,18874,880,22379.09,81,15,195037.32,RUB,False,cr_54254,
2026-06-29,B2B Leads,Email,Saint Petersburg,mobile,/,Nikita,9665,677,4920.54,95,22,231102.33,RUB,True,cr_95587,
2026-08-11,B2B Leads,Meta Ads,Yekaterinburg,mobile,/case-study,Ivan,4083,114,1486.26,18,3,37085.59,RUB,True,cr_48227,
2026-02-28,Retargeting,Google Ads,Saint Petersburg,desktop,/,Ivan,14857,913,22547.09,71,15,244752.06,RUB,False,cr_69287,
2026-07-11,B2B Leads,LinkedIn,Kazan,mobile,/pricing,Anna,5619,159,6811.82,25,4,45280.83,RUB,True,cr_52800,landing page updated
2026-08-26,Lookalike Prospecting,Google Ads,Novosibirsk,mobile,/contact,Anna,9109,565,16134.11,48,12,130764.22,RUB,True,cr_42532,manual check
2026-04-17,Performance Max,Organic,Moscow,mobile,/product,Olga,18318,1363,2802.23,64,15,208142.62,RUB,False,cr_93656,
2026-06-11,Brand Search,Google Ads,Novosibirsk,desktop,/,Nikita,19052,1028,29372.79,145,28,369139.79,RUB,True,cr_42813,creative refresh
2026-02-11,Lookalike Prospecting,Meta Ads,Novosibirsk,desktop,,,18648,985,20261.12,45,8,83879.52,RUB,False,cr_22237,
2026-05-29,Retargeting,Organic,Moscow,desktop,/,Anna,12669,857,1285.5,81,23,299410.12,RUB,False,cr_16021,
2026-04-26,Awareness Video,LinkedIn,Saint Petersburg,mobile,/product,Sergey,10509,222,8686.22,3,0,0.0,RUB,False,cr_28847,
2026-03-15,Awareness Video,Google Ads,Moscow,desktop,/pricing,Nikita,29877,1954,55223.96,56,13,174862.82,RUB,True,cr_79322,
2026-02-16,Performance Max,Organic,Yekaterinburg,desktop,/blog/seo,Ivan,22893,1450,2175.0,135,37,478747.09,RUB,False,cr_13696,
2026-01-03,Lookalike Prospecting,Google Ads,Novosibirsk,mobile,/pricing,,11871,629,18351.35,40,11,188454.66,RUB,False,cr_12049,
2026-02-25,Retargeting,Organic,Saint Petersburg,mobile,/demo,Sergey,13935,993,1489.5,90,20,255453.76,RUB,False,cr_86502,
2026-01-11,Retargeting,Meta Ads,Novosibirsk,mobile,/case-study,Ivan,10786,221,4438.08,21,3,29682.35,RUB,False,cr_89579,creative refresh
2026-02-01,Retargeting,Organic,Yekaterinburg,desktop,/blog/seo,Nikita,8421,725,1087.5,80,13,155294.33,RUB,False,cr_72292,
2026-07-19,B2B Leads,Email,Kazan,desktop,/demo,Ivan,3021,289,2665.18,47,10,117517.11,RUB,True,cr_12035,
2026-07-13,Retargeting,Google Ads,Kazan,desktop,/product,Olga,14792,701,16982.87,81,20,236597.35,RUB,True,cr_42294,
2026-01-10,Retargeting,Google Ads,Saint Petersburg,mobile,/case-study,Olga,13041,510,12808.39,59,11,131636.04,RUB,False,cr_98869,
2026-04-03,Awareness Video,LinkedIn,Saint Petersburg,mobile,/demo,Sergey,17445,327,12228.92,4,0,0.0,RUB,False,cr_69412,
2026-06-13,B2B Leads,Organic,Moscow,desktop,/blog/seo,Olga,12149,846,2402.67,144,35,486669.32,RUB,True,cr_15965,manual check
2026-01-20,B2B Leads,Organic,Novosibirsk,mobile,/pricing,Nikita,9570,629,943.5,88,22,285126.61,RUB,False,cr_75641,
2026-03-06,B2B Leads,Google Ads,Yekaterinburg,mobile,/product,Nikita,9726,447,9149.79,74,16,171755.68,RUB,True,cr_15695,
2026-08-20,Performance Max,LinkedIn,Kazan,desktop,/blog/seo,Ivan,7028,171,6294.91,9,1,16361.09,RUB,True,cr_90596,landing page updated
2026-05-14,Retargeting,Google Ads,Yekaterinburg,desktop,/,Nikita,16958,969,21921.84,86,17,266347.72,RUB,False,cr_61667,
2026-09-11,Lookalike Prospecting,Organic,Novosibirsk,mobile,/blog/seo,Anna,9570,593,6013.6,48,15,138524.6,RUB,False,cr_98672,
2026-09-24,Summer Sale,Email,Moscow,desktop,/,Anna,6501,517,4858.4,58,11,163767.39,RUB,False,cr_80585,
2026-04-30,Lookalike Prospecting,LinkedIn,Novosibirsk,mobile,/product,Anna,6278,221,8467.85,16,2,25035.52,RUB,False,cr_71756,
2026-09-19,B2B Leads,Google Ads,Saint Petersburg,desktop,/blog/seo,Anna,4198,202,5317.34,38,7,106478.16,RUB,False,cr_99336,
2026-09-14,Awareness Video,Meta Ads,Yekaterinburg,mobile,/contact,Sergey,17514,510,9348.27,18,2,26294.29,RUB,False,cr_10975,high competition
2026-03-28,Awareness Video,Meta Ads,Moscow,desktop,/blog/seo,Olga,30577,1268,22916.18,12,2,28182.17,RUB,True,cr_82778,creative refresh
2026-04-22,Summer Sale,Google Ads,Yekaterinburg,mobile,/pricing,Olga,24322,913,25035.08,67,15,218288.96,RUB,False,cr_49465,
2026-07-23,Summer Sale,LinkedIn,Yekaterinburg,desktop,/pricing,Olga,8057,286,8809.97,25,2,26354.62,RUB,True,cr_92597,
2026-08-17,B2B Leads,Meta Ads,Kazan,desktop,/product,Olga,7570,193,5169.5,33,6,91031.66,RUB,True,cr_75958,
2026-05-25,Spring Promo,Meta Ads,Moscow,mobile,/contact,,13550,576,13740.66,53,9,117011.03,RUB,False,cr_41969,
2026-05-03,Brand Search,Google Ads,Saint Petersburg,mobile,/,Ivan,16068,1181,27679.63,157,34,357172.36,RUB,False,cr_46382,
2026-04-07,Summer Sale,Meta Ads,Saint Petersburg,mobile,/,Nikita,22767,388,9900.11,21,3,38136.07,RUB,False,cr_33097,
2026-01-23,Performance Max,LinkedIn,Saint Petersburg,mobile,/product,,12562,615,27583.9,46,6,71650.48,RUB,False,cr_52823,manual check
2026-02-11,Brand Search,Google Ads,Kazan,desktop,,,23341,941,23010.15,140,34,574853.87,RUB,False,cr_35235,
2026-04-28,Retargeting,Email,Moscow,desktop,/,Sergey,12047,995,1492.5,79,23,322904.39,RUB,False,cr_22120,manual check
2026-02-04,Summer Sale,Meta Ads,Yekaterinburg,desktop,/contact,Olga,20162,604,13127.14,44,9,134342.76,RUB,False,cr_32746,
2026-07-16,Summer Sale,Email,Saint Petersburg,mobile,/pricing,,10183,835,1980.82,93,29,330760.71,RUB,True,cr_92747,
2026-03-28,Lookalike Prospecting,Organic,Yekaterinburg,mobile,/product,Ivan,10512,649,973.5,52,10,119043.09,RUB,True,cr_42152,
2026-09-23,Summer Sale,Email,Yekaterinburg,tablet,/,Sergey,10246,863,6389.46,53,15,137193.78,RUB,False,cr_95807,high competition
2026-09-28,Retargeting,LinkedIn,Kazan,desktop,/contact,Anna,2330,57,2239.36,4,0,0.0,RUB,False,cr_47249,
2026-02-02,B2B Leads,Meta Ads,Novosibirsk,mobile,/blog/seo,Nikita,8443,74,1165.25,11,1,11248.15,RUB,False,cr_81947,
2026-05-05,Retargeting,Email,Novosibirsk,mobile,/blog/seo,Olga,8723,765,1226.09,69,21,235613.94,RUB,False,cr_87442,
2026-04-25,Spring Promo,LinkedIn,Moscow,mobile,/blog/seo,Olga,8863,230,8890.5,15,1,15337.5,RUB,False,cr_46145,
2026-04-23,Summer Sale,Meta Ads,Moscow,mobile,/case-study,Ivan,20559,829,12486.55,63,12,143947.6,RUB,False,cr_76961,high competition
2026-04-09,Awareness Video,Referral,Kazan,tablet,/demo,Olga,10260,509,1682.54,17,2,28272.72,RUB,False,cr_16749,
2026-06-04,Performance Max,Meta Ads,Moscow,desktop,/demo,Sergey,26530,798,17348.21,40,5,78624.69,RUB,True,cr_59997,
2026-07-10,Lookalike Prospecting,Email,Saint Petersburg,desktop,,,4662,407,1859.05,18,4,52502.13,RUB,True,cr_40932,
2026-08-26,Spring Promo,Meta Ads,Saint Petersburg,mobile,/pricing,,5454,231,4842.69,19,3,36429.6,RUB,True,cr_65744,
2026-09-19,Spring Promo,Google Ads,Saint Petersburg,desktop,/blog/seo,Anna,12965,495,9630.87,39,5,83921.78,RUB,False,cr_79484,manual check
2026-03-19,B2B Leads,Google Ads,Yekaterinburg,desktop,/contact,Olga,11419,482,7000.1,64,15,247394.58,RUB,True,cr_61796,
2026-02-07,Performance Max,Meta Ads,Kazan,mobile,/case-study,Sergey,23958,834,17118.81,67,12,122831.44,RUB,False,cr_81975,manual check
2026-02-21,Retargeting,Meta Ads,Saint Petersburg,desktop,/blog/seo,Nikita,19362,532,10922.73,48,8,68209.17,RUB,False,cr_20751,
2026-05-24,Performance Max,Google Ads,Kazan,tablet,/case-study,Sergey,23642,916,22563.29,61,15,198062.47,RUB,False,cr_10255,
2026-01-25,Awareness Video,Meta Ads,Saint Petersburg,mobile,/,Ivan,22824,822,59917.476988813774,43,6,320822.8512791513,RUB,False,cr_91571,
2026-01-23,Retargeting,Email,Novosibirsk,mobile,/case-study,,6435,571,1554.13,66,19,170941.33,RUB,False,cr_61924,
2026-05-22,Performance Max,Referral,Moscow,desktop,/,Ivan,13014,664,5184.57,65,14,202770.53,RUB,False,cr_71748,
2026-07-21,Performance Max,Organic,Kazan,mobile,/pricing,Sergey,17267,1445,2167.5,79,14,187250.17,RUB,True,cr_58285,
2026-08-26,Performance Max,Google Ads,Kazan,desktop,/pricing,Ivan,21264,1334,23258.0,106,25,298471.78,RUB,True,cr_91163,
2026-08-04,Retargeting,LinkedIn,Yekaterinburg,mobile,/contact,,4805,205,7833.9,27,3,35961.95,RUB,True,cr_31164,
2026-04-26,Summer Sale,LinkedIn,Moscow,mobile,/case-study,Ivan,6833,265,10113.0,25,3,22951.43,RUB,False,cr_94105,
2026-01-17,Retargeting,Meta Ads,Novosibirsk,desktop,/product,,16017,352,8331.28,45,5,71776.61,RUB,False,cr_71665,
2026-09-03,B2B Leads,Referral,Kazan,desktop,/,Olga,400,10,113.1,1,0,0.0,RUB,False,cr_40480,
2026-05-09,Spring Promo,Meta Ads,Moscow,mobile,/case-study,Ivan,11091,255,5966.48,19,2,24550.31,RUB,False,cr_52722,
2026-03-02,B2B Leads,LinkedIn,Kazan,mobile,/,Ivan,8627,252,10558.65,42,4,51086.4,RUB,True,cr_68226,
2026-04-13,Awareness Video,Referral,Yekaterinburg,mobile,/case-study,Sergey,13956,515,912.89,12,1,9871.96,RUB,False,cr_59037,
2026-03-06,Lookalike Prospecting,Meta Ads,Saint Petersburg,desktop,/blog/seo,Ivan,12005,188,2847.46,8,1,8522.69,RUB,True,cr_56806,
2026-04-16,B2B Leads,Google Ads,Yekaterinburg,mobile,/demo,Anna,9523,276,5958.79,44,12,120040.92,RUB,False,cr_77313,landing page updated
2026-06-25,Brand Search,Google Ads,Yekaterinburg,desktop,/demo,Nikita,16187,646,19366.23,93,17,170396.65,RUB,True,cr_14899,
2026-08-19,Brand Search,Google Ads,Saint Petersburg,mobile,/demo,Anna,17438,1088,24945.35,138,38,602216.76,RUB,True,cr_90263,
2026-03-14,Lookalike Prospecting,Google Ads,Novosibirsk,desktop,/demo,Anna,19196,1249,32007.84,91,22,250643.28,RUB,True,cr_24308,
2026-02-20,Awareness Video,Email,Moscow,mobile,/demo,,16577,1400,14920.18,60,13,199684.1,RUB,False,cr_70272,
2026-05-16,Summer Sale,Organic,Novosibirsk,desktop,/case-study,Olga,11655,816,1224.0,63,12,174754.12,RUB,False,cr_14414,high competition
2026-01-20,Brand Search,Google Ads,Saint Petersburg,mobile,/pricing,Olga,17010,932,26229.46,128,25,292495.15,RUB,False,cr_53408,
2026-09-16,Spring Promo,Email,Moscow,desktop,/contact,Nikita,8619,792,6597.48,53,13,191137.45,RUB,False,cr_46764,
2026-03-06,Brand Search,Google Ads,Moscow,mobile,/product,Olga,21250,1264,36866.96,177,41,533725.71,RUB,True,cr_24191,
2026-04-25,Awareness Video,Organic,Kazan,mobile,/product,,17565,1182,7335.46,47,9,106450.7,RUB,False,cr_49267,
2026-08-24,Retargeting,Meta Ads,Novosibirsk,tablet,/blog/seo,Nikita,6437,186,4688.27,19,3,39215.88,RUB,True,cr_76457,
2026-06-30,Summer Sale,Google Ads,Kazan,mobile,/product,,17035,824,17122.08,74,18,225465.2,RUB,True,cr_41500,
2026-03-20,Lookalike Prospecting,Meta Ads,Saint Petersburg,desktop,/blog/seo,,19394,251,4766.24,13,2,31003.2,RUB,True,cr_73080,
2026-08-12,Awareness Video,Email,Novosibirsk,tablet,/case-study,Anna,9828,760,7805.74,33,9,76772.28,RUB,True,cr_21171,
2026-06-15,Retargeting,Referral,Novosibirsk,desktop,/blog/seo,Ivan,4735,263,1357.65,23,4,60999.89,RUB,True,cr_34945,
2026-02-13,Retargeting,Email,Moscow,mobile,/product,Sergey,6101,477,4339.92,54,16,142811.53,RUB,False,cr_95140,
2026-04-09,B2B Leads,Organic,Yekaterinburg,mobile,/contact,Ivan,9272,672,1008.0,72,17,157034.55,RUB,False,cr_45983,
2026-06-14,Summer Sale,Google Ads,Moscow,mobile,/,Ivan,16535,1181,30438.65,101,24,251054.44,RUB,True,cr_17758,
2026-08-26,Awareness Video,Organic,Novosibirsk,mobile,/product,,16335,916,1374.0,31,7,55039.47,RUB,True,cr_71415,
2026-07-30,Brand Search,Referral,Moscow,mobile,/,Anna,6603,270,713.51,40,8,101034.01,RUB,True,cr_26277,
2026-09-30,Performance Max,Meta Ads,Yekaterinburg,mobile,/contact,Sergey,19152,558,11152.0,41,4,51207.35,RUB,False,cr_73642,
2026-01-16,Retargeting,Email,Yekaterinburg,mobile,/contact,Sergey,6050,530,795.0,52,15,181216.2,RUB,False,cr_54813,
2026-03-03,Retargeting,Meta Ads,Saint Petersburg,desktop,/pricing,Sergey,15125,458,8598.42,35,6,75970.9,RUB,True,cr_50953,
2026-09-15,Summer Sale,Meta Ads,Moscow,mobile,/contact,Nikita,15951,387,7742.82,36,5,57697.38,RUB,False,cr_29576,
2026-09-05,Summer Sale,Meta Ads,Novosibirsk,mobile,/contact,Anna,11219,270,2088.06,19,3,24252.31,RUB,False,cr_80377,
2026-08-22,Summer Sale,LinkedIn,Novosibirsk,desktop,/contact,,3077,98,5108.49,9,1,18090.17,RUB,True,cr_58534,landing page updated
2026-03-10,Awareness Video,Meta Ads,Kazan,desktop,/,Anna,34626,1679,36315.86,16,4,56636.46,RUB,True,cr_14837,
2026-02-26,Brand Search,Organic,Yekaterinburg,mobile,/pricing,,16731,996,5514.82,150,34,324660.99,RUB,False,cr_94178,
2026-04-15,Performance Max,LinkedIn,Saint Petersburg,desktop,/pricing,Ivan,17101,471,18383.65,31,4,51822.98,RUB,False,cr_32936,
2026-03-30,Performance Max,LinkedIn,Moscow,tablet,/demo,Nikita,12095,140,5278.17,13,3,36301.23,RUB,True,cr_48258,
2026-03-28,Retargeting,Google Ads,Novosibirsk,tablet,/blog/seo,Ivan,16563,993,26634.99,111,35,482986.7,RUB,True,cr_18417,manual check
2026-05-19,Performance Max,Organic,Kazan,mobile,/product,Nikita,23935,1215,1822.5,113,27,462640.18,RUB,False,cr_68031,
2026-09-07,Lookalike Prospecting,Organic,Kazan,desktop,/pricing,Ivan,8328,509,763.5,20,3,44425.26,RUB,False,cr_94946,
2026-07-26,Retargeting,Meta Ads,Moscow,mobile,/,Olga,8988,372,6158.71,35,3,37756.59,RUB,True,cr_31387,
2026-03-08,Lookalike Prospecting,Meta Ads,Saint Petersburg,desktop,/blog/seo,Sergey,16993,387,5350.17,12,1,13429.86,RUB,True,cr_89762,
2026-06-27,Brand Search,Meta Ads,Yekaterinburg,desktop,/demo,,14851,578,10948.03,77,18,351360.21,RUB,True,cr_99001,
2026-02-19,Summer Sale,Meta Ads,Moscow,mobile,/contact,Anna,18674,679,17826.04,49,7,80199.18,RUB,False,cr_94526,
2026-01-12,Summer Sale,LinkedIn,Kazan,mobile,/,Nikita,5101,158,6326.84,15,2,24001.61,RUB,False,cr_14018,
2026-07-28,Retargeting,Organic,Novosibirsk,desktop,/case-study,Nikita,7749,422,633.0,50,10,145011.77,RUB,True,cr_77271,
2026-02-10,Performance Max,LinkedIn,Kazan,desktop,/product,Sergey,17693,510,22852.0,45,6,75786.82,RUB,False,cr_61151,
2026-08-27,B2B Leads,Google Ads,Yekaterinburg,desktop,/,Olga,5342,216,4994.05,35,6,80409.34,RUB,True,cr_56117,
2026-09-10,Retargeting,Email,Yekaterinburg,desktop,/case-study,Sergey,5208,312,1808.49,32,8,99458.22,RUB,False,cr_62485,
2026-01-10,Brand Search,Meta Ads,Moscow,mobile,/blog/seo,Anna,13620,301,4788.04,37,6,82273.11,RUB,False,cr_17561,
2026-01-28,Summer Sale,Google Ads,Moscow,tablet,/contact,Olga,20437,977,22037.64,104,30,239200.89,RUB,False,cr_86295,
2026-07-30,Retargeting,LinkedIn,Kazan,desktop,/case-study,Anna,6459,222,9599.01,26,3,51653.26,RUB,True,cr_92201,
2026-08-22,Lookalike Prospecting,LinkedIn,Kazan,desktop,/demo,,638,20,799.42,1,0,0.0,RUB,True,cr_19684,
2026-05-02,Retargeting,LinkedIn,Novosibirsk,mobile,/demo,Nikita,5884,146,5244.91,14,1,7856.21,RUB,False,cr_90618,
2026-09-07,Brand Search,Referral,Kazan,mobile,/blog/seo,Sergey,3184,149,740.21,21,3,27532.72,RUB,False,cr_27528,
2026-08-08,Summer Sale,Referral,Saint Petersburg,tablet,/product,,6934,215,856.53,13,2,23866.04,RUB,True,cr_93197,
2026-09-20,B2B Leads,Organic,Novosibirsk,mobile,/demo,Ivan,4594,309,463.5,53,10,93896.51,RUB,False,cr_52464,
2026-05-17,Retargeting,Referral,Yekaterinburg,mobile,,,5766,231,346.5,24,5,51858.18,RUB,False,cr_94274,
2026-01-08,Awareness Video,Meta Ads,Saint Petersburg,mobile,/contact,Anna,29487,701,8515.37,38,6,86396.49,RUB,False,cr_18702,
2026-04-05,Summer Sale,Organic,Novosibirsk,mobile,/,Olga,14929,885,1327.5,86,17,205365.31,RUB,False,cr_69840,
2026-04-15,Awareness Video,Referral,Kazan,mobile,/product,,13853,692,7308.97,25,5,49560.37,RUB,False,cr_12105,
2026-08-31,Brand Search,Email,Yekaterinburg,mobile,/case-study,Ivan,8021,645,1266.61,48,13,124676.86,RUB,True,cr_19895,
2026-06-12,Retargeting,Google Ads,Saint Petersburg,desktop,,,13363,511,14253.55,46,12,158075.85,RUB,True,cr_36898,
2026-02-22,Brand Search,Referral,Moscow,mobile,/case-study,Anna,8952,354,2538.16,39,9,124302.23,RUB,False,cr_57406,
2026-02-27,Lookalike Prospecting,Referral,Novosibirsk,mobile,/case-study,Nikita,8298,459,3091.56,19,4,57037.41,RUB,False,cr_73185,
2026-06-28,Spring Promo,Referral,Novosibirsk,mobile,/pricing,Anna,2174,70,716.7,5,1,12443.33,RUB,True,cr_36485,
2026-05-22,Awareness Video,Meta Ads,Novosibirsk,desktop,/,Ivan,29438,1013,21324.08,17,2,18731.7,RUB,False,cr_26991,
2026-08-31,Retargeting,Meta Ads,Kazan,mobile,/product,Nikita,10580,524,11756.98,44,7,103031.0,RUB,True,cr_96687,high competition
2026-07-02,Brand Search,Meta Ads,Saint Petersburg,desktop,/demo,,18819,402,6900.91,52,6,86951.92,RUB,True,cr_54436,
2026-06-22,B2B Leads,Meta Ads,Yekaterinburg,mobile,/,Sergey,9024,212,4391.69,38,7,96147.36,RUB,True,cr_31352,creative refresh
2026-03-21,Summer Sale,Meta Ads,Kazan,desktop,,,16839,627,9245.02,44,8,91326.66,RUB,True,cr_51910,
2026-08-31,Summer Sale,Google Ads,Saint Petersburg,mobile,/contact,Ivan,13721,526,11363.9,32,7,69863.22,RUB,True,cr_60500,
2026-02-07,Awareness Video,Email,Novosibirsk,desktop,/,Anna,15760,1264,2173.34,51,15,208563.72,RUB,False,cr_17461,high competition
2026-07-01,Spring Promo,Google Ads,Yekaterinburg,mobile,/contact,Olga,11434,542,9228.76,41,12,112532.55,RUB,True,cr_97725,
2026-02-04,Brand Search,LinkedIn,Kazan,mobile,/blog/seo,,12071,597,25836.63,101,13,210492.08,RUB,False,cr_60085,
2026-06-30,Brand Search,LinkedIn,Yekaterinburg,desktop,/blog/seo,Nikita,8309,250,11326.97,30,6,73798.87,RUB,True,cr_41695,
2026-09-06,Lookalike Prospecting,LinkedIn,Kazan,desktop,/blog/seo,,6824,185,7971.5,8,0,0.0,RUB,False,cr_68951,
2026-07-14,Performance Max,Email,Moscow,desktop,/product,Anna,15866,1361,15505.11,108,32,432659.8,RUB,True,cr_28179,
2026-03-08,B2B Leads,LinkedIn,Moscow,desktop,/blog/seo,Anna,4793,132,4970.97,21,3,39665.32,RUB,True,cr_56686,landing page updated
2026-08-24,Awareness Video,Organic,Yekaterinburg,desktop,/product,Anna,13717,863,2356.88,44,11,182870.17,RUB,True,cr_19262,
2026-04-29,Brand Search,Google Ads,Kazan,mobile,/blog/seo,Anna,22711,1095,24827.61,112,18,198622.44,RUB,False,cr_93346,
2026-01-02,Summer Sale,LinkedIn,Moscow,desktop,/blog/seo,Nikita,7054,123,4654.68,12,1,13303.58,RUB,False,cr_32299,creative refresh
2026-01-24,Performance Max,Organic,Moscow,mobile,/case-study,Anna,20448,1514,2271.0,167,43,478067.73,RUB,False,cr_45631,
2026-08-19,Retargeting,Organic,Moscow,desktop,/product,Sergey,5544,306,459.0,34,5,63722.67,RUB,True,cr_36022,
2026-06-22,Awareness Video,Organic,Kazan,mobile,/blog/seo,Sergey,18759,1411,2116.5,62,10,122937.84,RUB,True,cr_16955,
2026-06-06,Awareness Video,Google Ads,Yekaterinburg,mobile,,,23971,1509,35458.48,64,10,142779.76,RUB,True,cr_59222,
2026-03-02,Summer Sale,Google Ads,Moscow,desktop,/pricing,Sergey,23355,1144,25671.4,93,28,405705.26,RUB,True,cr_96242,
2026-07-04,Performance Max,Google Ads,Saint Petersburg,mobile,/case-study,Sergey,20214,744,22159.61,63,16,185986.19,RUB,True,cr_44723,
2026-06-21,Summer Sale,LinkedIn,Yekaterinburg,desktop,/,Sergey,4986,110,4725.38,8,1,16166.43,RUB,True,cr_93969,
2026-02-14,Performance Max,Google Ads,Saint Petersburg,mobile,/contact,Nikita,23636,1125,30541.91,79,18,187829.37,RUB,False,cr_48458,
2026-03-26,Brand Search,Referral,Moscow,desktop,/case-study,Nikita,8083,390,2945.75,47,9,119192.61,RUB,True,cr_90583,
2026-09-14,Summer Sale,Google Ads,Yekaterinburg,desktop,/case-study,Ivan,14693,781,20002.18,79,22,236915.41,RUB,False,cr_25029,
2026-02-09,Retargeting,Referral,Kazan,mobile,/demo,Ivan,4362,176,1462.07,22,4,43883.7,RUB,False,cr_77496,
2026-09-25,Performance Max,Organic,Kazan,mobile,/case-study,Sergey,15187,751,1126.5,69,17,211006.84,RUB,False,cr_91109,
2026-05-25,Brand Search,Organic,Saint Petersburg,desktop,/,Olga,16940,1113,6729.24,144,24,264774.0,RUB,False,cr_50159,
2026-07-31,Lookalike Prospecting,Meta Ads,Yekaterinburg,desktop,/contact,Ivan,14121,431,7388.85,7,1,15294.22,RUB,True,cr_27388,
2026-01-08,Brand Search,Email,Yekaterinburg,mobile,/product,Nikita,11323,937,1405.5,107,26,331789.13,RUB,False,cr_77641,
2026-08-10,B2B Leads,Meta Ads,Novosibirsk,desktop,/,Ivan,7207,192,5452.12,34,4,57639.9,RUB,True,cr_60420,
2026-07-23,Performance Max,LinkedIn,Kazan,desktop,/demo,Nikita,9156,236,9089.44,25,5,78423.92,RUB,True,cr_46176,landing page updated
2026-07-12,Lookalike Prospecting,Organic,Moscow,tablet,/pricing,Nikita,8080,693,4045.58,29,5,65727.91,RUB,True,cr_32426,creative refresh
2026-01-29,Summer Sale,Meta Ads,Novosibirsk,desktop,/pricing,Anna,17709,539,10212.14,51,8,97805.5,RUB,False,cr_13754,manual check
2026-07-15,Awareness Video,Google Ads,Moscow,tablet,/case-study,Sergey,25635,1238,33148.62,30,8,123835.17,RUB,True,cr_50430,
2026-04-08,B2B Leads,Organic,Saint Petersburg,mobile,/blog/seo,Sergey,5865,477,715.5,70,12,170540.84,RUB,False,cr_19479,high competition
2026-03-25,B2B Leads,Organic,Novosibirsk,desktop,/pricing,Ivan,9189,604,2067.3,98,23,396504.87,RUB,True,cr_39063,
2026-07-15,Lookalike Prospecting,Meta Ads,Yekaterinburg,mobile,/contact,,12689,126,2689.27,8,1,10824.09,RUB,True,cr_70558,
2026-09-08,Brand Search,LinkedIn,Yekaterinburg,desktop,/demo,Sergey,9157,255,11389.57,37,5,56339.97,RUB,False,cr_60357,
2026-07-20,Summer Sale,Email,Yekaterinburg,mobile,/pricing,Nikita,8718,701,1051.5,46,14,177806.74,RUB,True,cr_37371,
2026-06-10,Performance Max,Google Ads,Saint Petersburg,mobile,/demo,Olga,30067,1285,26544.26,90,19,283401.38,RUB,True,cr_75772,
2026-02-07,Spring Promo,Meta Ads,Novosibirsk,mobile,/contact,Sergey,11210,404,6895.37,33,8,109466.9,RUB,False,cr_79569,
2026-05-29,B2B Leads,Google Ads,Saint Petersburg,desktop,,,11623,508,8469.27,87,14,158640.2,RUB,False,cr_36819,
2026-08-18,Spring Promo,LinkedIn,Kazan,desktop,/blog/seo,Nikita,5957,136,5476.67,9,1,18643.63,RUB,True,cr_15830,landing page updated
2026-03-04,Spring Promo,Organic,Kazan,tablet,/contact,Ivan,14156,954,5292.91,102,20,272048.73,RUB,True,cr_14006,
2026-08-30,Awareness Video,Google Ads,Saint Petersburg,desktop,/demo,,22415,1141,23931.64,30,5,51496.02,RUB,True,cr_62492,
2026-01-22,B2B Leads,Email,Saint Petersburg,desktop,/case-study,Olga,3859,311,466.5,48,15,161158.04,RUB,False,cr_45046,
2026-07-19,Retargeting,Google Ads,Novosibirsk,mobile,/blog/seo,Nikita,11050,478,11242.84,43,11,121959.96,RUB,True,cr_63974,
2026-09-26,Summer Sale,Meta Ads,Kazan,mobile,/pricing,Ivan,16395,660,5648.03,54,8,69688.5,RUB,False,cr_97762,
2026-07-12,Summer Sale,Meta Ads,Yekaterinburg,desktop,/blog/seo,Olga,10390,378,7144.01,33,4,59533.8,RUB,True,cr_72294,
2026-01-14,Retargeting,Meta Ads,Novosibirsk,mobile,/,Ivan,10800,145,3537.83,13,2,14678.79,RUB,False,cr_37952,
2026-01-09,Summer Sale,Organic,Kazan,desktop,/blog/seo,Anna,14886,928,9484.5,73,14,184815.26,RUB,False,cr_33954,manual check
2026-03-18,Performance Max,Email,Yekaterinburg,desktop,/product,Olga,16754,1707,4369.65,97,26,386255.85,RUB,True,cr_16221,
2026-04-03,Spring Promo,Google Ads,Novosibirsk,mobile,/demo,Ivan,16851,893,25607.66,69,15,146012.63,RUB,False,cr_35563,
2026-03-16,Retargeting,Google Ads,Kazan,mobile,/demo,Ivan,16355,998,28460.63,80,23,286524.28,RUB,True,cr_50025,
2026-09-17,Awareness Video,Meta Ads,Moscow,mobile,/case-study,Ivan,19675,368,7861.05,18,2,17283.58,RUB,False,cr_34718,
2026-09-01,Spring Promo,LinkedIn,Saint Petersburg,desktop,,,8329,292,14038.42,12,2,33673.74,RUB,False,cr_46308,
2026-01-31,Awareness Video,Google Ads,Moscow,mobile,/case-study,Ivan,21984,1088,31695.46,28,6,75862.32,RUB,False,cr_12096,
2026-05-01,Lookalike Prospecting,Organic,Yekaterinburg,mobile,/case-study,Nikita,13858,867,1300.5,64,12,170006.36,RUB,False,cr_65833,
2026-05-22,Retargeting,Google Ads,Moscow,mobile,/pricing,Anna,15992,1028,28409.54,122,30,310837.69,RUB,False,cr_91462,creative refresh
2026-02-26,Spring Promo,Google Ads,Kazan,mobile,/contact,Anna,21577,878,23244.53,75,17,182614.71,RUB,False,cr_73344,landing page updated
2026-09-05,Lookalike Prospecting,Email,Moscow,desktop,/case-study,,6378,468,702.0,29,6,65412.01,RUB,False,cr_32875,
2026-08-28,Brand Search,Referral,Moscow,desktop,/case-study,Nikita,4264,202,303.0,25,4,58991.74,RUB,True,cr_91099,
2026-03-24,Performance Max,Organic,Novosibirsk,desktop,/demo,,26751,1707,8389.97,76,15,227567.66,RUB,True,cr_73456,
2026-05-12,Awareness Video,Referral,Moscow,desktop,/case-study,Nikita,10219,471,4871.16,8,2,26162.83,RUB,False,cr_34395,
2026-05-25,Awareness Video,Meta Ads,Novosibirsk,desktop,/pricing,Nikita,25588,375,7121.45,7,1,18051.18,RUB,False,cr_48428,
2026-07-05,Summer Sale,Google Ads,Moscow,desktop,/product,Anna,18446,787,15131.8,75,23,358651.78,RUB,True,cr_96120,
2026-09-17,B2B Leads,Referral,Moscow,desktop,/blog/seo,Anna,5911,168,252.0,27,5,59070.33,RUB,False,cr_25628,
2026-04-18,Brand Search,Organic,Saint Petersburg,desktop,/pricing,Olga,15604,975,3713.05,105,21,293672.31,RUB,False,cr_11067,
2026-05-25,Retargeting,Organic,Kazan,desktop,/,Anna,7139,392,3464.42,26,5,79685.76,RUB,False,cr_73115,
2026-02-21,Lookalike Prospecting,Organic,Kazan,mobile,/,,13026,1123,1684.5,33,7,93206.97,RUB,False,cr_22855,manual check
2026-03-18,B2B Leads,Google Ads,Kazan,mobile,/blog/seo,Ivan,13130,699,17569.97,113,28,291824.75,RUB,True,cr_54066,high competition
2026-07-17,Spring Promo,LinkedIn,Novosibirsk,desktop,/product,Anna,6594,200,8241.15,17,2,28305.41,RUB,True,cr_54361,
2026-01-27,B2B Leads,Google Ads,Yekaterinburg,desktop,/pricing,Sergey,10039,616,15766.32,94,20,271296.27,RUB,False,cr_33291,
2026-05-20,Performance Max,Google Ads,Moscow,mobile,/case-study,Ivan,32068,1833,52374.63,132,26,296064.36,RUB,False,cr_61369,manual check
2026-03-23,Brand Search,Meta Ads,Saint Petersburg,mobile,/pricing,Olga,21408,516,9295.76,72,16,166865.63,RUB,True,cr_84462,
2026-05-07,Performance Max,Referral,Saint Petersburg,mobile,/case-study,Ivan,15119,663,2868.66,59,13,188114.11,RUB,False,cr_35103,
2026-03-11,Brand Search,Google Ads,Novosibirsk,tablet,/case-study,Ivan,21271,975,23543.01,143,43,440864.57,RUB,True,cr_82255,
2026-09-06,Performance Max,Meta Ads,Saint Petersburg,tablet,/pricing,Sergey,11761,453,11051.2,22,2,22456.6,RUB,False,cr_69801,manual check
2026-02-22,Performance Max,LinkedIn,Saint Petersburg,desktop,/pricing,,14070,165,5840.56,11,1,15978.69,RUB,False,cr_86240,
2026-01-13,Awareness Video,Organic,Saint Petersburg,desktop,/case-study,Olga,18867,853,1894.19,64,11,224950.15,RUB,False,cr_94291,
2026-07-29,Performance Max,Referral,Novosibirsk,desktop,/pricing,Ivan,10315,454,3505.43,23,4,67258.34,RUB,True,cr_58988,
2026-03-20,Brand Search,Meta Ads,Novosibirsk,mobile,/pricing,Anna,24305,899,19852.22,103,21,211867.78,RUB,True,cr_14567,
2026-04-02,Lookalike Prospecting,Organic,Kazan,mobile,/contact,Ivan,13163,696,1044.0,27,4,46292.84,RUB,False,cr_58784,
2026-01-10,Awareness Video,Organic,Saint Petersburg,mobile,/,Olga,17060,1115,4525.07,57,14,146961.31,RUB,False,cr_89714,
2026-08-04,Spring Promo,Email,Kazan,desktop,/case-study,Anna,10748,864,1296.0,72,19,169940.26,RUB,True,cr_77875,
2026-08-10,Lookalike Prospecting,Meta Ads,Yekaterinburg,tablet,/case-study,Anna,11839,185,3189.73,12,1,12179.51,RUB,True,cr_16827,manual check
2026-03-19,Spring Promo,Meta Ads,Moscow,mobile,/pricing,Olga,19979,406,11749.95,34,7,80369.8,RUB,True,cr_24559,creative refresh
2026-06-02,Lookalike Prospecting,LinkedIn,Kazan,mobile,/case-study,,9119,432,17568.42,28,3,50849.93,RUB,True,cr_76178,
2026-03-20,Spring Promo,Meta Ads,Saint Petersburg,mobile,/,Olga,18894,876,17615.86,69,13,153097.19,RUB,True,cr_47333,
2026-01-05,B2B Leads,Referral,Saint Petersburg,mobile,/case-study,Ivan,1795,57,600.29,8,1,10270.82,RUB,False,cr_64748,
2026-05-18,Retargeting,Meta Ads,Novosibirsk,mobile,/contact,Nikita,13454,467,5017.66,53,10,97085.09,RUB,False,cr_89027,
2026-01-02,Performance Max,Referral,Saint Petersburg,desktop,/product,Nikita,7710,308,3965.74,15,3,53477.05,RUB,False,cr_20965,high competition
2026-05-23,Performance Max,Email,Yekaterinburg,desktop,/blog/seo,Nikita,11066,848,7842.59,73,15,249651.06,RUB,False,cr_32063,
2026-06-03,Spring Promo,Organic,Moscow,desktop,/demo,Sergey,8914,650,975.0,48,11,184236.61,RUB,True,cr_24690,
2026-09-16,Performance Max,Google Ads,Kazan,desktop,/blog/seo,Nikita,20193,1238,34440.12,104,26,287127.73,RUB,False,cr_14486,
2026-03-09,Performance Max,Email,Kazan,tablet,/contact,Sergey,15715,1295,1942.5,117,33,550326.37,RUB,True,cr_89558,
2026-07-24,B2B Leads,Meta Ads,Yekaterinburg,desktop,/case-study,Nikita,10711,218,3807.59,38,7,95183.18,RUB,True,cr_79081,
2026-03-10,Performance Max,Organic,Kazan,mobile,/contact,Sergey,20514,1526,11870.53,105,19,195400.69,RUB,True,cr_50745,
2026-06-13,Summer Sale,Email,Saint Petersburg,mobile,/product,,3821,291,2677.49,17,4,56725.6,RUB,True,cr_75807,
2026-03-20,Awareness Video,Organic,Saint Petersburg,desktop,/,Olga,20276,1337,5622.86,57,13,194650.81,RUB,True,cr_36950,creative refresh
2026-09-29,Lookalike Prospecting,Organic,Moscow,mobile,/demo,,8400,678,1017.0,30,7,76396.64,RUB,False,cr_46434,
2026-08-13,Spring Promo,Organic,Moscow,desktop,/contact,Nikita,8414,608,912.0,35,9,105650.45,RUB,True,cr_69321,manual check
2026-04-06,Summer Sale,Meta Ads,Novosibirsk,desktop,/,Olga,19077,539,7258.19,24,5,76214.46,RUB,False,cr_48563,
2026-03-24,Awareness Video,Meta Ads,Saint Petersburg,mobile,/blog/seo,Anna,32367,876,12897.49,8,1,10469.71,RUB,True,cr_11299,
2026-03-23,Performance Max,Google Ads,Moscow,desktop,/contact,Nikita,28259,1208,27601.96,107,26,316987.25,RUB,True,cr_71607,
2026-05-12,Brand Search,Organic,Yekaterinburg,mobile,/demo,Nikita,16783,964,4527.48,116,20,237588.42,RUB,False,cr_43001,
2026-05-30,Retargeting,Meta Ads,Moscow,mobile,/product,,11262,235,2652.04,26,5,73091.24,RUB,False,cr_85948,
2026-01-11,Performance Max,Google Ads,Novosibirsk,desktop,/pricing,Anna,22270,863,26022.58,67,14,243047.74,RUB,False,cr_77444,
2026-09-07,Spring Promo,Referral,Moscow,desktop,/product,Sergey,4818,211,651.83,15,3,41660.56,RUB,False,cr_46688,
2026-06-09,Brand Search,Email,Yekaterinburg,mobile,/blog/seo,,12462,1210,6495.79,199,39,365674.02,RUB,True,cr_68144,
2026-08-27,Awareness Video,Google Ads,Saint Petersburg,mobile,/case-study,Anna,23680,845,19159.52,11,1,10795.7,RUB,True,cr_49191,
2026-03-14,Spring Promo,Meta Ads,Moscow,desktop,/blog/seo,,17200,596,9122.77,53,9,120858.6,RUB,True,cr_36026,
2026-04-04,Lookalike Prospecting,Organic,Yekaterinburg,tablet,/pricing,Ivan,9510,621,1072.74,36,4,47585.16,RUB,False,cr_81356,
2026-03-02,Retargeting,Meta Ads,Yekaterinburg,tablet,/product,Anna,17260,747,10919.84,82,17,160926.0,RUB,True,cr_88116,high competition
2026-06-02,Retargeting,Google Ads,Kazan,mobile,/,Olga,12187,545,12680.62,38,11,167868.86,RUB,True,cr_85481,
2026-04-12,B2B Leads,Organic,Yekaterinburg,mobile,/case-study,Nikita,6401,483,770.24,59,9,114112.45,RUB,False,cr_51954,
2026-01-25,Retargeting,Referral,Novosibirsk,mobile,/product,Nikita,5554,113,902.87,15,3,38058.68,RUB,False,cr_91929,
2026-01-01,Lookalike Prospecting,LinkedIn,Yekaterinburg,desktop,/contact,,6961,242,8999.47,8,0,0.0,RUB,False,cr_12695,
2026-06-06,B2B Leads,Email,Kazan,desktop,/pricing,Ivan,3429,308,1381.09,59,12,178760.65,RUB,True,cr_41481,
2026-07-05,Performance Max,Email,Yekaterinburg,desktop,/case-study,Sergey,11254,1006,1509.0,71,15,217423.46,RUB,True,cr_11110,high competition
2026-05-28,Brand Search,Meta Ads,Saint Petersburg,desktop,/contact,Olga,21136,810,15971.72,97,12,197679.37,RUB,False,cr_11949,manual check
2026-03-09,Brand Search,LinkedIn,Novosibirsk,tablet,/case-study,Olga,11956,402,17508.97,59,10,129109.88,RUB,True,cr_83922,
2026-05-27,Summer Sale,Organic,Yekaterinburg,mobile,/contact,,16537,1087,2028.87,116,25,266499.66,RUB,False,cr_52244,
2026-09-24,Spring Promo,Referral,Kazan,mobile,/pricing,Ivan,6403,214,782.09,9,2,20575.35,RUB,False,cr_52851,
2026-03-18,Spring Promo,Referral,Kazan,mobile,/product,Ivan,6664,423,4280.97,34,7,88584.45,RUB,True,cr_82227,
2026-08-03,Lookalike Prospecting,Referral,Kazan,desktop,/product,Sergey,1854,75,442.1,4,0,0.0,RUB,True,cr_84693,
2026-05-11,Retargeting,Email,Kazan,mobile,/,Olga,10775,861,3615.03,101,33,439301.59,RUB,False,cr_86120,high competition
2026-08-12,Spring Promo,Referral,Kazan,desktop,/,Sergey,5748,156,234.0,10,2,21807.37,RUB,True,cr_91666,
2026-01-16,Lookalike Prospecting,Meta Ads,Kazan,mobile,/contact,Anna,14274,315,6821.31,23,3,35682.03,RUB,False,cr_54623,high competition
2026-02-12,Spring Promo,Google Ads,Yekaterinburg,mobile,/contact,Anna,16957,753,20022.88,62,14,114012.56,RUB,False,cr_15842,
2026-01-13,Performance Max,Referral,Kazan,mobile,/contact,Ivan,8380,393,3498.2,36,6,58861.0,RUB,False,cr_83509,
2026-01-07,Performance Max,LinkedIn,Moscow,desktop,/case-study,Sergey,8913,26,1182.85,2,0,0.0,RUB,False,cr_99780,
2026-01-14,Retargeting,Meta Ads,Novosibirsk,mobile,/,Ivan,10800,145,3537.83,13,2,14678.79,RUB,False,cr_37952,
2026-04-27,Awareness Video,Email,Moscow,mobile,/pricing,Nikita,17296,1672,7606.43,92,31,352505.32,RUB,False,cr_78295,
2026-05-05,Performance Max,Organic,Saint Petersburg,mobile,/contact,Ivan,21631,1660,2490.0,128,23,301713.62,RUB,False,cr_61012,
2026-03-10,Summer Sale,LinkedIn,Kazan,desktop,/demo,Anna,8036,347,15851.24,30,4,61454.09,RUB,True,cr_58924,
2026-08-02,Brand Search,Email,Yekaterinburg,mobile,/contact,,7200,510,3041.95,53,9,125253.15,RUB,True,cr_65037,
2026-05-26,Summer Sale,Meta Ads,Moscow,mobile,/case-study,Ivan,19568,243,4638.71,28,5,55926.8,RUB,False,cr_13809,
2026-03-12,Summer Sale,Meta Ads,Kazan,desktop,/demo,Ivan,22069,3,19206.29,0,0,0.0,RUB,True,cr_44069,
2026-01-13,Summer Sale,Referral,Saint Petersburg,mobile,,,5251,224,1028.03,24,4,43038.73,RUB,False,cr_57523,
2026-01-28,Awareness Video,Organic,Yekaterinburg,mobile,/blog/seo,Nikita,23370,1258,4744.2,65,13,181414.01,RUB,False,cr_74041,creative refresh
2026-01-05,Retargeting,Google Ads,Novosibirsk,desktop,/demo,Sergey,8415,418,9343.49,48,9,125631.48,RUB,False,cr_42217,landing page updated
2026-07-28,B2B Leads,Google Ads,Novosibirsk,desktop,/demo,Anna,8636,416,9150.96,64,15,169684.82,RUB,True,cr_82102,
2026-04-23,Spring Promo,Meta Ads,Moscow,mobile,/,Sergey,18332,699,8780.78,47,5,64638.24,RUB,False,cr_15190,
2026-09-05,Awareness Video,Meta Ads,Novosibirsk,desktop,/case-study,Ivan,20898,743,13597.89,7,1,13862.56,RUB,False,cr_21752,
2026-09-18,Awareness Video,Organic,Novosibirsk,mobile,/contact,Olga,13817,639,958.5,6,1,7694.81,RUB,False,cr_49177,
2026-09-08,B2B Leads,LinkedIn,Yekaterinburg,desktop,/blog/seo,,400,10,396.82,1,0,0.0,RUB,False,cr_86084,
2026-05-12,Lookalike Prospecting,Referral,Novosibirsk,mobile,/blog/seo,,5615,155,843.66,15,1,10473.52,RUB,False,cr_39754,
2026-06-15,Lookalike Prospecting,Email,Moscow,mobile,/case-study,Ivan,9825,833,1590.11,53,16,155676.77,RUB,True,cr_59485,landing page updated
2026-03-01,Lookalike Prospecting,LinkedIn,Yekaterinburg,desktop,/blog/seo,Olga,8801,257,11957.47,22,1,16157.81,RUB,True,cr_35805,
2026-01-09,Lookalike Prospecting,Referral,Yekaterinburg,mobile,/pricing,Nikita,5127,136,207.49,8,1,15036.88,RUB,False,cr_46187,
2026-02-08,Brand Search,Organic,Saint Petersburg,desktop,/contact,Nikita,9297,558,837.0,66,14,184920.54,RUB,False,cr_72443,
2026-03-08,Brand Search,Referral,Moscow,mobile,/blog/seo,Anna,5304,201,1384.72,24,4,50602.34,RUB,True,cr_43783,
2026-06-24,B2B Leads,Organic,Moscow,desktop,/case-study,Sergey,5690,393,1750.49,73,11,131510.07,RUB,True,cr_79001,manual check
2026-06-21,Performance Max,LinkedIn,Yekaterinburg,tablet,/demo,Sergey,9861,461,21092.31,32,5,66207.72,RUB,True,cr_90093,creative refresh
2026-05-17,Awareness Video,Meta Ads,Kazan,desktop,/,Nikita,24349,613,13391.94,12,2,26245.63,RUB,False,cr_98267,
2026-06-20,Awareness Video,Organic,Moscow,desktop,/blog/seo,Sergey,16990,1041,4048.51,26,5,80868.84,RUB,True,cr_90659,manual check
2026-01-24,Brand Search,Google Ads,Kazan,desktop,/product,Anna,17961,923,18580.71,111,20,279999.71,RUB,False,cr_56413,
2026-03-21,Lookalike Prospecting,Google Ads,Kazan,desktop,/pricing,Nikita,16627,728,15856.64,41,9,131964.65,RUB,True,cr_10060,
2026-02-15,Retargeting,Google Ads,Yekaterinburg,mobile,/contact,Anna,13600,698,17583.91,73,16,134456.6,RUB,False,cr_48870,
2026-08-04,Summer Sale,Referral,Yekaterinburg,desktop,/case-study,Nikita,4992,178,2246.82,15,1,12785.57,RUB,True,cr_21628,
2026-06-25,Summer Sale,Email,Kazan,mobile,/pricing,Anna,7633,566,3542.61,49,9,119904.46,RUB,True,cr_44136,
2026-02-06,Awareness Video,Email,Moscow,desktop,/case-study,Anna,14792,1037,1610.38,30,7,89221.41,RUB,False,cr_34000,
2026-07-31,B2B Leads,Meta Ads,Novosibirsk,mobile,/demo,Olga,6930,177,4504.91,31,6,75461.06,RUB,True,cr_36439,
2026-05-20,Spring Promo,LinkedIn,Kazan,tablet,,,9466,340,15134.7,20,2,23134.11,RUB,False,cr_52770,
2026-07-25,Lookalike Prospecting,Organic,Yekaterinburg,mobile,/case-study,Ivan,9975,620,4345.82,46,10,108519.65,RUB,True,cr_37190,
2026-09-13,Summer Sale,LinkedIn,Moscow,mobile,/blog/seo,Anna,4429,127,5038.73,11,1,13978.06,RUB,False,cr_94886,
2026-07-25,Performance Max,Email,Kazan,desktop,/blog/seo,Anna,9711,733,1839.8,37,10,186889.84,RUB,True,cr_32443,manual check
2026-09-27,B2B Leads,Organic,Yekaterinburg,tablet,/blog/seo,Olga,400,27,50.64,4,0,0.0,RUB,False,cr_94624,
2026-07-17,Lookalike Prospecting,Organic,Yekaterinburg,desktop,/pricing,,10898,662,993.0,41,9,107062.97,RUB,True,cr_36558,
2026-05-17,Lookalike Prospecting,Organic,Yekaterinburg,desktop,/product,Ivan,9197,700,3543.4,24,5,70298.43,RUB,False,cr_42543,manual check
2026-01-19,B2B Leads,Email,Saint Petersburg,mobile,/pricing,Ivan,6684,559,1237.77,91,27,260396.58,RUB,False,cr_73888,
2026-06-05,Performance Max,LinkedIn,Kazan,desktop,/blog/seo,Ivan,13383,522,18732.99,33,4,47474.41,RUB,True,cr_63223,
2026-06-22,Spring Promo,Google Ads,Kazan,mobile,/demo,,15989,1058,24651.67,82,19,231163.8,RUB,True,cr_99541,
2026-09-05,Brand Search,Organic,Saint Petersburg,desktop,/demo,Sergey,7472,560,1736.89,82,18,304598.5,RUB,False,cr_29215,
2026-02-17,Lookalike Prospecting,Email,Kazan,desktop,/case-study,Sergey,10546,722,5926.02,26,6,88352.52,RUB,False,cr_52712,
2026-01-19,Brand Search,Meta Ads,Saint Petersburg,desktop,/pricing,Nikita,18216,571,14424.66,73,11,199654.73,RUB,False,cr_36029,
2026-04-21,Performance Max,Email,Moscow,desktop,/pricing,Ivan,16844,1089,9504.18,88,21,290114.96,RUB,False,cr_73755,
2026-05-23,Summer Sale,Meta Ads,Yekaterinburg,mobile,/demo,Sergey,17251,379,7760.43,33,7,94020.97,RUB,False,cr_99572,
2026-06-28,Retargeting,Referral,Kazan,mobile,/case-study,Anna,6491,193,1116.88,20,4,53034.19,RUB,True,cr_67435,
2026-07-08,Performance Max,Organic,Saint Petersburg,mobile,/demo,Anna,14793,1087,7577.7,107,21,226876.73,RUB,True,cr_83124,
2026-07-16,Awareness Video,Meta Ads,Yekaterinburg,mobile,/,Sergey,18921,451,11571.2,9,1,11206.21,RUB,True,cr_70262,
2026-09-15,Awareness Video,Organic,Novosibirsk,mobile,/pricing,,12864,782,2033.94,19,3,43762.82,RUB,False,cr_99619,
2026-04-09,Summer Sale,Organic,Moscow,desktop,/pricing,,15412,1194,5431.86,136,22,310803.76,RUB,False,cr_44550,
2026-01-22,Summer Sale,Organic,Moscow,desktop,/,Olga,17705,1395,2092.5,104,24,325704.74,RUB,False,cr_43397,
2026-02-11,Retargeting,Email,Novosibirsk,mobile,/demo,Nikita,7350,649,1873.3,72,14,161304.01,RUB,False,cr_25592,
2026-03-09,Spring Promo,Organic,Kazan,mobile,/,,17409,1437,2155.5,114,25,253114.78,RUB,True,cr_79517,manual check
2026-01-18,B2B Leads,Meta Ads,Kazan,mobile,/pricing,Olga,10229,289,7646.94,50,11,132862.28,RUB,False,cr_96231,
2026-07-26,B2B Leads,Google Ads,Yekaterinburg,desktop,/contact,Anna,10742,652,20442.78,106,26,333567.27,RUB,True,cr_28280,
2026-08-06,Spring Promo,LinkedIn,Saint Petersburg,desktop,/product,,6766,272,12557.12,23,3,43948.9,RUB,True,cr_66152,
2026-09-22,Spring Promo,Email,Saint Petersburg,mobile,/blog/seo,Olga,8129,644,2488.23,39,10,111611.88,RUB,False,cr_99595,
2026-08-15,Summer Sale,Google Ads,Saint Petersburg,desktop,/,Sergey,12575,602,13669.57,33,7,80892.66,RUB,True,cr_46775,
2026-02-10,Retargeting,Meta Ads,Novosibirsk,desktop,/case-study,Ivan,18586,651,16861.21,72,14,222112.23,RUB,False,cr_81312,
2026-01-13,Spring Promo,Meta Ads,Saint Petersburg,mobile,/demo,Anna,15412,474,6741.66,40,6,82214.18,RUB,False,cr_29097,
2026-06-26,Retargeting,Meta Ads,Moscow,mobile,/,Olga,14224,529,14228.15,56,9,125717.23,RUB,True,cr_65103,manual check
2026-01-21,Brand Search,Email,Moscow,desktop,/case-study,Anna,8505,656,4247.43,98,37,517891.93,RUB,False,cr_26082,
2026-02-07,Brand Search,LinkedIn,Novosibirsk,desktop,/demo,Sergey,10484,335,11491.24,38,5,86811.09,RUB,False,cr_46636,
2026-08-09,Spring Promo,Meta Ads,Novosibirsk,desktop,/blog/seo,Anna,10447,254,3374.78,19,2,25726.46,RUB,True,cr_46668,
2026-06-08,Brand Search,Organic,Novosibirsk,mobile,/contact,Anna,16828,1010,1515.0,117,19,258274.32,RUB,True,cr_52485,
2026-02-28,B2B Leads,Meta Ads,Moscow,mobile,/product,Ivan,6666,47,994.87,8,1,13231.55,RUB,False,cr_97438,
2026-05-10,Awareness Video,Organic,Yekaterinburg,mobile,/pricing,Nikita,17354,957,1435.5,37,9,108870.67,RUB,False,cr_57850,
2026-04-01,Lookalike Prospecting,Email,Novosibirsk,desktop,/product,Anna,6163,437,1578.21,8,1,12968.64,RUB,False,cr_16523,
2026-08-04,B2B Leads,Referral,Novosibirsk,tablet,/,,3831,199,2325.71,33,5,57147.42,RUB,True,cr_55489,
2026-07-17,Summer Sale,Google Ads,Saint Petersburg,mobile,/product,,15143,719,15404.06,76,14,191689.56,RUB,True,cr_27167,
2026-03-08,Performance Max,Email,Moscow,desktop,/contact,Nikita,15243,1150,7297.13,72,17,273341.63,RUB,True,cr_12537,high competition
2026-01-18,Performance Max,Google Ads,Novosibirsk,mobile,/pricing,Olga,19766,821,18539.4,57,14,159299.04,RUB,False,cr_68762,
2026-05-16,Brand Search,Google Ads,Novosibirsk,desktop,/,Anna,20079,1010,167675.242681296,143,28,1576639.6260054696,RUB,False,cr_63380,
2026-01-05,Lookalike Prospecting,LinkedIn,Moscow,mobile,/,Anna,5819,146,7017.03,9,0,0.0,RUB,False,cr_13343,
2026-01-14,Summer Sale,Referral,Saint Petersburg,desktop,/case-study,Olga,9894,212,830.6,15,4,58051.65,RUB,False,cr_41480,manual check
2026-08-06,Brand Search,Meta Ads,Novosibirsk,desktop,/blog/seo,Anna,16938,190,3796.95,25,3,43210.25,RUB,True,cr_85675,
2026-06-22,Lookalike Prospecting,Organic,Novosibirsk,desktop,/contact,Ivan,6688,345,1606.1,17,3,36695.95,RUB,True,cr_62979,
2026-08-17,Retargeting,Organic,Kazan,desktop,/blog/seo,Sergey,7529,448,2293.22,44,8,98141.44,RUB,True,cr_10079,
2026-04-04,Summer Sale,Email,Novosibirsk,desktop,/contact,Anna,9223,765,6124.18,68,17,275933.01,RUB,False,cr_70726,
2026-06-30,Retargeting,Organic,Kazan,mobile,/contact,Anna,7506,536,804.0,67,17,208121.46,RUB,True,cr_55414,
2026-01-03,Summer Sale,Referral,Novosibirsk,desktop,/demo,Ivan,5552,297,2025.06,26,5,76706.63,RUB,False,cr_52107,
2026-08-16,Lookalike Prospecting,Organic,Novosibirsk,desktop,/demo,Anna,7576,479,718.5,14,2,22433.41,RUB,True,cr_49585,
2026-06-17,Lookalike Prospecting,Referral,Saint Petersburg,desktop,/product,Nikita,6607,316,2590.23,21,4,54282.47,RUB,True,cr_65904,manual check
2026-03-11,B2B Leads,Google Ads,Saint Petersburg,mobile,/blog/seo,Ivan,10832,504,14144.65,89,25,233320.83,RUB,True,cr_19290,creative refresh
2026-02-26,Performance Max,LinkedIn,Yekaterinburg,mobile,/demo,Anna,13394,351,14727.38,27,3,32875.37,RUB,False,cr_46607,
2026-09-13,Retargeting,Meta Ads,Yekaterinburg,mobile,/product,,8640,208,4074.04,15,2,19060.24,RUB,False,cr_33664,
2026-09-13,Brand Search,Email,Saint Petersburg,mobile,/blog/seo,Anna,7672,594,4073.77,80,21,220824.33,RUB,False,cr_77916,
2026-01-06,Spring Promo,Email,Saint Petersburg,desktop,/product,Anna,10557,1003,5464.4,90,21,336864.88,RUB,False,cr_54425,
2026-06-30,Awareness Video,Organic,Kazan,mobile,,,17677,1049,1573.5,45,11,130340.2,RUB,True,cr_17802,
2026-03-29,Summer Sale,LinkedIn,Kazan,mobile,/case-study,Olga,6982,214,6891.92,23,3,37408.42,RUB,True,cr_87654,
2026-01-04,Awareness Video,Google Ads,Novosibirsk,desktop,/contact,Anna,26559,1099,23255.3,54,14,288796.2,RUB,False,cr_55525,
2026-06-11,Summer Sale,Google Ads,Saint Petersburg,mobile,/demo,,16503,850,18522.28,64,13,133420.3,RUB,True,cr_49028,
2026-07-20,Spring Promo,Referral,Moscow,tablet,/product,Ivan,6874,284,2105.49,23,5,41951.72,RUB,True,cr_30426,
2026-03-01,Performance Max,Meta Ads,Kazan,desktop,/demo,Sergey,26681,1111,21464.42,110,21,305639.95,RUB,True,cr_59649,
2026-08-06,Performance Max,Google Ads,Novosibirsk,mobile,/contact,Sergey,22807,1502,41473.4,84,20,293535.1,RUB,True,cr_32555,landing page updated
2026-04-19,Spring Promo,Meta Ads,Novosibirsk,mobile,/product,Ivan,18756,645,12732.62,34,7,102982.14,RUB,False,cr_91948,manual check
2026-06-16,Awareness Video,Email,Moscow,desktop,/blog/seo,Anna,14910,1108,15638.61,11,2,31674.76,RUB,True,cr_72233,
2026-04-30,Summer Sale,LinkedIn,Kazan,desktop,/case-study,Nikita,9871,237,10221.02,17,2,31991.85,RUB,False,cr_83757,
2026-09-07,Summer Sale,Email,Saint Petersburg,mobile,/blog/seo,Nikita,3658,354,2950.71,29,6,64618.85,RUB,False,cr_57743,
2026-09-10,Brand Search,Google Ads,Yekaterinburg,mobile,/blog/seo,Sergey,18247,891,25858.81,165,40,463866.12,RUB,False,cr_22501,
2026-04-05,Retargeting,Referral,Yekaterinburg,mobile,/demo,Nikita,7256,371,3072.33,41,9,85454.52,RUB,False,cr_86312,
2026-08-19,Lookalike Prospecting,Email,Novosibirsk,desktop,/contact,,10806,1018,3779.92,60,12,158994.98,RUB,True,cr_45098,
2026-08-23,Summer Sale,LinkedIn,Yekaterinburg,mobile,/blog/seo,Anna,9119,295,10779.19,16,2,20475.09,RUB,True,cr_59294,
2026-08-07,Awareness Video,Referral,Saint Petersburg,mobile,/case-study,,7818,356,4801.55,7,1,13125.98,RUB,True,cr_31760,
2026-05-31,Retargeting,Referral,Yekaterinburg,desktop,/blog/seo,Sergey,9000,3,542.23,0,0,0.0,RUB,False,cr_42470,manual check
2026-07-14,Spring Promo,Organic,Saint Petersburg,mobile,/product,Nikita,4481,248,822.49,7,1,13188.58,RUB,True,cr_89030,
2026-06-26,Spring Promo,Organic,Saint Petersburg,desktop,/blog/seo,Olga,9660,701,1051.5,54,10,146847.13,RUB,True,cr_21143,creative refresh
2026-08-24,Brand Search,Google Ads,Moscow,desktop,/case-study,Ivan,14338,795,15190.0,115,33,379786.68,RUB,True,cr_10589,
2026-05-16,Lookalike Prospecting,Meta Ads,Saint Petersburg,mobile,/pricing,Ivan,9680,258,4522.53,12,2,20754.11,RUB,False,cr_81474,landing page updated
2026-01-26,Brand Search,Meta Ads,Kazan,desktop,/pricing,,21476,977,17544.97,157,28,357563.83,RUB,False,cr_70963,landing page updated
2026-07-27,Performance Max,Email,Moscow,mobile,/contact,Anna,9413,872,5417.54,62,12,158618.14,RUB,True,cr_54258,
2026-03-29,Lookalike Prospecting,Google Ads,Moscow,desktop,/blog/seo,Ivan,11257,489,12085.07,21,4,46068.7,RUB,True,cr_88975,
2026-08-31,Lookalike Prospecting,Organic,Saint Petersburg,mobile,/product,Sergey,10824,882,1323.0,28,5,54067.84,RUB,True,cr_98148,
2026-03-16,Brand Search,Google Ads,Moscow,desktop,/contact,Nikita,23800,1063,24213.68,119,32,442764.11,RUB,True,cr_94517,
2026-06-22,Retargeting,Email,Moscow,tablet,/blog/seo,Nikita,6427,555,2725.3,61,16,193111.15,RUB,True,cr_16858,
2026-04-17,Spring Promo,Google Ads,Yekaterinburg,tablet,/,Ivan,18910,1161,31756.63,91,20,274075.74,RUB,False,cr_64646,
2026-07-24,Lookalike Prospecting,Email,Moscow,desktop,/pricing,Olga,8260,722,1083.0,55,19,226307.78,RUB,True,cr_21154,
2026-05-08,B2B Leads,LinkedIn,Moscow,desktop,/demo,Nikita,2311,58,2169.7,10,1,13001.82,RUB,False,cr_66414,
2026-06-01,Performance Max,LinkedIn,Saint Petersburg,desktop,/case-study,Sergey,12448,482,19588.08,38,8,126347.86,RUB,True,cr_86816,
2026-02-05,Retargeting,Google Ads,Moscow,desktop,/case-study,Sergey,13643,752,20481.95,105,23,365001.96,RUB,False,cr_69659,
2026-06-12,Brand Search,Email,Yekaterinburg,mobile,/demo,Sergey,11694,1048,7930.69,115,26,361102.88,RUB,True,cr_93816,
2026-09-23,Lookalike Prospecting,Referral,Novosibirsk,desktop,/case-study,Olga,5856,155,823.15,13,2,32921.97,RUB,False,cr_11601,
2026-06-03,Brand Search,Meta Ads,Novosibirsk,mobile,/demo,,14074,534,8994.92,66,12,132378.51,RUB,True,cr_83366,
2026-05-20,Lookalike Prospecting,Organic,Kazan,desktop,/contact,Nikita,12734,975,1462.5,30,9,118921.45,RUB,False,cr_76957,landing page updated
2026-09-30,Brand Search,Google Ads,Kazan,desktop,/product,Anna,13195,882,13987.59,105,24,347701.57,RUB,False,cr_31912,
2026-05-13,Spring Promo,Google Ads,Yekaterinburg,mobile,/,Ivan,15933,568,14400.47,55,17,221396.86,RUB,False,cr_33555,
2026-03-13,Summer Sale,Organic,Moscow,desktop,/demo,,20763,1515,6506.89,93,15,222220.54,RUB,True,cr_82095,manual check
2026-04-01,Summer Sale,Meta Ads,Saint Petersburg,mobile,/blog/seo,,22963,413,9102.39,46,8,84153.07,RUB,False,cr_43477,
2026-08-18,B2B Leads,Google Ads,Novosibirsk,tablet,/blog/seo,,13267,849,18869.11,151,39,489801.74,RUB,True,cr_37315,
2026-04-10,Awareness Video,Google Ads,Kazan,desktop,/contact,Anna,35170,2090,53305.99,45,9,100485.62,RUB,False,cr_83302,
2026-07-23,Retargeting,Google Ads,Kazan,mobile,/,Anna,11505,546,16443.07,34,8,95592.96,RUB,True,cr_46734,
2026-08-19,Summer Sale,Meta Ads,Saint Petersburg,desktop,/demo,,18649,460,12438.68,45,10,158166.24,RUB,True,cr_60511,
2026-02-12,Performance Max,Google Ads,Yekaterinburg,mobile,/product,Olga,26272,718,16368.86,34,7,80427.63,RUB,False,cr_95992,
2026-06-15,B2B Leads,LinkedIn,Saint Petersburg,mobile,/contact,,6680,237,8753.87,36,6,72243.72,RUB,True,cr_10997,
2026-03-29,Retargeting,Google Ads,Novosibirsk,desktop,/contact,Ivan,15904,749,15875.0,66,14,177601.13,RUB,True,cr_90691,landing page updated
2026-09-03,Performance Max,Meta Ads,Kazan,mobile,/case-study,Nikita,19222,321,3987.62,34,4,48327.15,RUB,False,cr_66023,
2026-07-13,Spring Promo,Organic,Novosibirsk,desktop,/blog/seo,Ivan,12116,799,4628.6,79,16,196954.58,RUB,True,cr_97346,
2026-02-28,Summer Sale,Google Ads,Yekaterinburg,tablet,/,,18432,826,27607.68,64,20,276652.0,RUB,False,cr_16587,
2026-08-13,Awareness Video,Meta Ads,Kazan,mobile,,,23348,267,5863.84,2,0,0.0,RUB,True,cr_22588,
2026-09-28,B2B Leads,Meta Ads,Moscow,mobile,/contact,Ivan,2833,95,2079.36,13,3,50758.68,RUB,False,cr_52376,
2026-03-27,Lookalike Prospecting,Email,Moscow,desktop,/pricing,Nikita,14126,1121,1681.5,45,9,134974.48,RUB,True,cr_70101,
2026-04-22,Brand Search,Google Ads,Moscow,mobile,/blog/seo,Ivan,24121,1367,36148.87,138,44,553865.62,RUB,False,cr_21760,manual check
2026-05-27,Retargeting,Email,Novosibirsk,desktop,/case-study,Nikita,9898,697,1045.5,101,33,466415.77,RUB,False,cr_28740,
2026-04-01,Performance Max,Meta Ads,Yekaterinburg,mobile,/blog/seo,Anna,27816,1012,22463.94,87,15,169357.19,RUB,False,cr_38948,
2026-01-31,Performance Max,LinkedIn,Kazan,mobile,/blog/seo,Anna,9106,346,13379.63,23,4,53065.3,RUB,False,cr_26184,creative refresh
2026-09-21,Lookalike Prospecting,Referral,Moscow,desktop,/blog/seo,Anna,4376,171,2245.51,11,1,14883.77,RUB,False,cr_19551,
2026-08-29,Summer Sale,LinkedIn,Kazan,desktop,/demo,,5302,85,3777.51,2,0,0.0,RUB,True,cr_52690,
2026-01-26,Lookalike Prospecting,Email,Novosibirsk,desktop,,,6884,578,1092.49,35,9,138807.28,RUB,False,cr_29169,
2026-09-27,Summer Sale,Google Ads,Moscow,mobile,/product,Ivan,12626,524,14441.36,35,8,57766.81,RUB,False,cr_25396,
2026-08-07,Brand Search,LinkedIn,Novosibirsk,mobile,/case-study,,6264,202,8648.01,25,5,57051.72,RUB,True,cr_62494,
2026-09-15,Brand Search,LinkedIn,Novosibirsk,desktop,/case-study,Sergey,8655,145,5975.42,19,3,41462.6,RUB,False,cr_67602,
2026-03-01,Spring Promo,Referral,Kazan,desktop,/demo,Nikita,5026,227,588.12,20,4,54214.41,RUB,True,cr_29942,
2026-06-19,Retargeting,Email,Kazan,desktop,/blog/seo,Anna,7962,631,1609.13,65,16,271893.35,RUB,True,cr_60637,
2026-08-28,Awareness Video,Email,Yekaterinburg,mobile,/product,,12119,999,1498.5,9,2,19797.54,RUB,True,cr_84418,
2026-07-02,Awareness Video,Referral,Saint Petersburg,mobile,/case-study,Anna,6009,316,3845.46,7,2,28756.36,RUB,True,cr_37215,
2026-07-10,Performance Max,Organic,Yekaterinburg,desktop,/demo,Nikita,15256,862,4753.88,36,10,132421.36,RUB,True,cr_66630,
2026-05-22,Brand Search,Meta Ads,Saint Petersburg,desktop,/demo,Sergey,14938,405,6776.98,44,9,150635.86,RUB,False,cr_38878,
2026-09-02,B2B Leads,Meta Ads,Moscow,desktop,/contact,,7788,240,5213.73,39,6,86925.51,RUB,False,cr_44245,
2026-07-14,Retargeting,LinkedIn,Moscow,mobile,/pricing,Ivan,1051,31,1117.9,2,0,0.0,RUB,True,cr_36038,
2026-06-28,Lookalike Prospecting,Organic,Yekaterinburg,desktop,/pricing,Ivan,8911,623,3267.84,43,10,108106.19,RUB,True,cr_77804,
2026-02-13,Lookalike Prospecting,Organic,Moscow,mobile,/blog/seo,Anna,14508,1010,2948.68,82,19,198867.21,RUB,False,cr_38172,
2026-01-29,Performance Max,Meta Ads,Moscow,desktop,/product,,26325,1117,23416.68,92,18,299957.31,RUB,False,cr_67941,
2026-03-01,Retargeting,LinkedIn,Yekaterinburg,mobile,/case-study,Ivan,6257,73,3217.32,7,1,20045.1,RUB,True,cr_57574,
2026-03-25,Retargeting,Email,Saint Petersburg,mobile,/demo,Ivan,10213,738,6831.8,75,19,217163.42,RUB,True,cr_87534,
2026-08-20,Lookalike Prospecting,Organic,Moscow,desktop,/contact,Anna,8735,583,1156.2,49,8,112521.38,RUB,True,cr_41957,landing page updated
2026-09-08,Summer Sale,Meta Ads,Yekaterinburg,mobile,/case-study,Olga,11602,3,5464.67,0,0,0.0,RUB,False,cr_98196,manual check
2026-02-20,Lookalike Prospecting,Meta Ads,Kazan,mobile,/product,Ivan,16509,246,3766.89,9,1,11945.62,RUB,False,cr_70710,
2026-03-17,Spring Promo,Google Ads,Moscow,desktop,/contact,Ivan,16596,923,19176.52,73,12,191017.95,RUB,True,cr_75756,
2026-07-01,Retargeting,Google Ads,Saint Petersburg,desktop,/case-study,Olga,10699,595,16757.6,45,13,183929.4,RUB,True,cr_84526,
2026-02-27,Brand Search,Referral,Novosibirsk,mobile,/,Sergey,12251,541,3018.67,82,12,197954.35,RUB,False,cr_69821,
2026-03-18,Brand Search,Email,Yekaterinburg,desktop,/demo,,14108,1162,6808.4,160,37,607076.98,RUB,True,cr_24605,
2026-02-09,B2B Leads,Organic,Moscow,desktop,/,Nikita,7701,520,2123.93,89,21,302150.51,RUB,False,cr_29503,
2026-09-21,Awareness Video,LinkedIn,Novosibirsk,desktop,/blog/seo,Ivan,8073,296,11087.77,4,0,0.0,RUB,False,cr_60522,
2026-09-21,Summer Sale,Email,Yekaterinburg,mobile,/contact,Anna,4480,464,3917.11,44,9,97664.27,RUB,False,cr_50024,high competition
2026-09-12,Brand Search,Google Ads,Saint Petersburg,mobile,/contact,Sergey,7248,334,8427.74,29,7,74837.62,RUB,False,cr_36093,
2026-03-07,Lookalike Prospecting,Meta Ads,Yekaterinburg,mobile,/case-study,Nikita,12180,252,3809.48,20,3,35501.61,RUB,True,cr_14922,
2026-07-31,Retargeting,Email,Novosibirsk,mobile,/case-study,Anna,6965,503,2244.58,50,13,156580.67,RUB,True,cr_70285,high competition
2026-05-28,Summer Sale,Meta Ads,Yekaterinburg,mobile,/case-study,Anna,19492,307,5884.36,22,2,23553.82,RUB,False,cr_73575,
2026-04-02,Summer Sale,Google Ads,Novosibirsk,desktop,,,20634,1182,26734.31,119,36,480824.3,RUB,False,cr_89955,
2026-02-27,Retargeting,Email,Novosibirsk,desktop,/case-study,Sergey,8441,748,5415.76,60,15,293719.62,RUB,False,cr_76798,
2026-02-05,Performance Max,Referral,Moscow,desktop,/blog/seo,Olga,14540,768,10413.97,64,12,130030.46,RUB,False,cr_41259,
2026-04-13,B2B Leads,Meta Ads,Moscow,mobile,/demo,Nikita,12661,248,4655.52,38,5,71130.65,RUB,False,cr_80400,
2026-01-08,Spring Promo,Email,Kazan,mobile,/,Nikita,6606,527,790.5,37,7,105960.42,RUB,False,cr_41921,
2026-08-20,Spring Promo,Referral,Moscow,desktop,,,3162,110,672.89,6,1,11995.48,RUB,True,cr_76753,
2026-04-09,Lookalike Prospecting,Meta Ads,Saint Petersburg,mobile,/demo,,17244,627,8601.96,32,5,57843.86,RUB,False,cr_45891,
2026-01-31,Retargeting,Referral,Novosibirsk,desktop,/blog/seo,Anna,3995,127,861.7,14,2,24394.86,RUB,False,cr_83997,
2026-09-29,Retargeting,Google Ads,Yekaterinburg,desktop,/pricing,Ivan,8932,513,13459.87,66,19,251585.83,RUB,False,cr_95222,
2026-09-22,B2B Leads,Referral,Saint Petersburg,desktop,/pricing,Ivan,4210,212,1951.82,41,10,151261.75,RUB,False,cr_67841,
2026-03-27,B2B Leads,Organic,Saint Petersburg,desktop,/product,,6187,413,3241.55,69,17,232938.67,RUB,True,cr_15636,
2026-01-02,B2B Leads,Meta Ads,Kazan,desktop,/demo,,8207,208,4328.84,32,6,59718.83,RUB,False,cr_78840,
2026-03-04,Performance Max,Email,Saint Petersburg,mobile,/,Anna,16427,1375,2062.5,101,24,335647.18,RUB,True,cr_96444,high competition
2026-09-16,Retargeting,LinkedIn,Novosibirsk,desktop,/,Nikita,4740,95,3576.8,6,0,0.0,RUB,False,cr_60400,
2026-08-21,Performance Max,Organic,Yekaterinburg,mobile,/contact,Anna,12645,819,6411.86,65,15,135428.16,RUB,True,cr_18195,
2026-07-27,Summer Sale,Email,Novosibirsk,desktop,/pricing,Ivan,6321,533,2530.91,49,10,108375.19,RUB,True,cr_12118,
2026-03-12,Spring Promo,Referral,Moscow,desktop,/,Sergey,3456,188,689.3,13,2,26893.44,RUB,True,cr_27027,
2026-06-27,Performance Max,Google Ads,Kazan,mobile,/,Ivan,23567,1229,34394.22,83,25,359239.36,RUB,True,cr_62474,
2026-01-19,Retargeting,Email,Saint Petersburg,mobile,/demo,,7723,617,4214.64,69,19,248439.82,RUB,False,cr_71788,
2026-01-15,Performance Max,Meta Ads,Saint Petersburg,desktop,/demo,Anna,25855,672,14984.03,45,9,156168.36,RUB,False,cr_38769,
2026-07-06,Lookalike Prospecting,Meta Ads,Yekaterinburg,mobile,/contact,Sergey,11514,246,2655.56,16,3,33714.96,RUB,True,cr_90291,
2026-05-03,B2B Leads,Google Ads,Novosibirsk,desktop,/contact,Nikita,8607,479,12031.39,81,16,179998.15,RUB,False,cr_84519,
2026-08-19,Awareness Video,Meta Ads,Novosibirsk,mobile,,,23392,991,24717.57,9,1,13716.28,RUB,True,cr_55564,
2026-02-08,Lookalike Prospecting,LinkedIn,Novosibirsk,desktop,/blog/seo,Sergey,5452,196,8592.9,13,1,11677.84,RUB,False,cr_54695,
2026-06-10,Lookalike Prospecting,Meta Ads,Kazan,tablet,/pricing,Nikita,16138,476,7432.27,31,4,49543.31,RUB,True,cr_48575,creative refresh
2026-08-07,Lookalike Prospecting,Referral,Moscow,desktop,/blog/seo,Anna,4865,238,2228.72,12,2,30083.1,RUB,True,cr_16732,
2026-07-29,B2B Leads,Google Ads,Yekaterinburg,desktop,/case-study,Nikita,13445,522,14767.53,71,17,276261.29,RUB,True,cr_52926,
2026-04-02,Performance Max,Google Ads,Moscow,mobile,/blog/seo,Olga,26506,1051,33901.09,39,12,145313.25,RUB,False,cr_36505,
2026-06-13,Spring Promo,LinkedIn,Saint Petersburg,mobile,/product,Anna,4613,134,5160.82,10,1,10335.6,RUB,True,cr_81028,
2026-01-28,Brand Search,Google Ads,Moscow,desktop,/contact,Anna,21285,1351,32537.58,177,44,582774.6,RUB,False,cr_17788,manual check
2026-04-24,Lookalike Prospecting,Meta Ads,Moscow,tablet,/case-study,Nikita,20039,596,9347.4,15,2,16975.66,RUB,False,cr_20974,landing page updated
2026-06-18,Retargeting,Organic,Moscow,mobile,/pricing,Anna,6341,437,1593.42,36,9,121425.36,RUB,True,cr_37201,creative refresh
2026-06-01,Retargeting,Google Ads,Moscow,mobile,/,Nikita,15476,373,11363.65,32,8,106850.04,RUB,True,cr_80910,
2026-09-03,Lookalike Prospecting,Organic,Moscow,mobile,/,Sergey,9328,574,861.0,19,3,37795.51,RUB,False,cr_40255,
2026-07-21,Summer Sale,Meta Ads,Moscow,desktop,/contact,,14601,529,10593.76,40,6,83541.13,RUB,True,cr_98388,
2026-07-07,Performance Max,Google Ads,Yekaterinburg,desktop,,,27589,1656,41528.21,143,40,546796.06,RUB,True,cr_93274,
2026-01-26,Retargeting,Google Ads,Saint Petersburg,desktop,/,Anna,14155,769,16616.25,54,17,201007.13,RUB,False,cr_93362,
2026-07-22,Retargeting,LinkedIn,Kazan,desktop,/product,Anna,5391,211,8398.69,21,3,40574.13,RUB,True,cr_74512,
2026-06-20,Summer Sale,Google Ads,Kazan,mobile,/product,Nikita,17115,427,10752.56,35,6,43868.37,RUB,True,cr_76567,
2026-04-05,Awareness Video,Email,Saint Petersburg,mobile,/blog/seo,Anna,17716,1499,13596.84,52,11,99004.74,RUB,False,cr_20750,landing page updated
2026-06-25,Awareness Video,LinkedIn,Novosibirsk,tablet,/,Ivan,11713,388,18213.46,3,0,0.0,RUB,True,cr_64499,
2026-07-04,Summer Sale,Google Ads,Saint Petersburg,mobile,,,12215,705,14419.67,43,9,109284.37,RUB,True,cr_47282,
2026-01-29,Retargeting,Google Ads,Moscow,desktop,/blog/seo,Nikita,15110,1019,22852.02,118,28,413393.23,RUB,False,cr_49071,
2026-07-06,Retargeting,Email,Yekaterinburg,mobile,/blog/seo,Anna,7174,400,600.0,25,8,91513.28,RUB,True,cr_84258,
2026-08-14,Awareness Video,Meta Ads,Saint Petersburg,desktop,/contact,Sergey,24273,1067,26554.42,35,7,101988.86,RUB,True,cr_67320,creative refresh
2026-04-28,Performance Max,Meta Ads,Yekaterinburg,tablet,/product,Ivan,27486,890,16156.05,76,19,223752.11,RUB,False,cr_48374,
2026-04-27,Retargeting,Organic,Novosibirsk,mobile,/demo,Ivan,15430,1161,1850.36,106,28,389645.74,RUB,False,cr_84495,high competition
2026-08-02,Awareness Video,Meta Ads,Yekaterinburg,desktop,/pricing,Ivan,19810,749,14787.76,25,4,63608.91,RUB,True,cr_29763,
2026-09-30,B2B Leads,Organic,Saint Petersburg,mobile,/demo,Nikita,3843,223,533.77,32,5,50552.99,RUB,False,cr_20272,landing page updated
2026-06-02,Awareness Video,Organic,Moscow,desktop,/pricing,Anna,19044,1235,10568.16,61,15,206883.34,RUB,True,cr_30754,
2026-04-04,Brand Search,LinkedIn,Kazan,mobile,/blog/seo,,8902,343,13904.91,42,7,95479.69,RUB,False,cr_84308,high competition
2026-04-03,Awareness Video,LinkedIn,Saint Petersburg,mobile,/demo,Sergey,17445,327,12228.92,4,0,0.0,RUB,False,cr_69412,
2026-08-09,Lookalike Prospecting,Meta Ads,Kazan,mobile,/contact,Anna,10379,148,2732.8,5,1,17202.78,RUB,True,cr_37848,
2026-05-01,Brand Search,Email,Saint Petersburg,desktop,,,11715,751,1126.5,70,17,231878.45,RUB,False,cr_39381,
2026-08-06,Lookalike Prospecting,Google Ads,Saint Petersburg,desktop,/pricing,,14006,816,16245.48,45,10,146271.71,RUB,True,cr_94544,high competition
2026-02-23,Lookalike Prospecting,Referral,Moscow,desktop,,,4727,266,1582.64,16,3,44851.76,RUB,False,cr_52056,
2026-06-09,Lookalike Prospecting,Google Ads,Novosibirsk,mobile,/pricing,,12970,412,12396.7,21,5,52970.51,RUB,True,cr_66241,
2026-04-07,Performance Max,LinkedIn,Yekaterinburg,desktop,/case-study,Sergey,13922,414,18002.77,38,6,83465.44,RUB,False,cr_31058,
2026-04-17,Summer Sale,Meta Ads,Yekaterinburg,desktop,/product,Anna,24319,576,11609.88,56,10,127119.58,RUB,False,cr_45670,
2026-04-06,B2B Leads,LinkedIn,Moscow,desktop,/,Nikita,4279,61,2556.91,9,1,12008.41,RUB,False,cr_91110,high competition
2026-03-24,B2B Leads,Organic,Moscow,mobile,/product,Sergey,9535,658,987.0,117,23,274059.14,RUB,True,cr_66117,
2026-03-28,B2B Leads,Meta Ads,Moscow,desktop,/pricing,Nikita,9023,99,1700.9,13,2,27823.29,RUB,True,cr_38333,high competition
2026-05-26,Spring Promo,Referral,Novosibirsk,mobile,/,Sergey,8264,253,614.01,19,3,44207.41,RUB,False,cr_44579,
2026-01-05,Lookalike Prospecting,LinkedIn,Moscow,mobile,/,Anna,5819,146,7017.03,9,0,0.0,RUB,False,cr_13343,
2026-01-08,Performance Max,Meta Ads,Novosibirsk,tablet,,,23403,318,4115.46,26,4,55850.7,RUB,False,cr_80340,
2026-03-10,Retargeting,Organic,Saint Petersburg,mobile,/blog/seo,Ivan,10126,438,657.0,42,5,54856.42,RUB,True,cr_99524,
2026-07-03,Spring Promo,Meta Ads,Yekaterinburg,mobile,/case-study,,14631,303,3187.15,31,6,53875.7,RUB,True,cr_22818,
2026-04-02,B2B Leads,Google Ads,Kazan,mobile,/case-study,Nikita,10910,551,16056.42,92,28,388152.12,RUB,False,cr_95781,manual check
2026-02-08,Spring Promo,Meta Ads,Saint Petersburg,desktop,/contact,Sergey,14392,458,4397.66,39,7,118897.23,RUB,False,cr_21120,
2026-03-13,Retargeting,Referral,Kazan,desktop,/case-study,Anna,4636,225,1417.55,18,2,34823.05,RUB,True,cr_28690,
2026-02-14,B2B Leads,Organic,Moscow,mobile,/pricing,Ivan,8728,572,2147.02,80,21,208162.34,RUB,False,cr_28990,
2026-07-04,Retargeting,Referral,Novosibirsk,desktop,/,Anna,6631,252,686.04,32,6,88696.8,RUB,True,cr_56666,creative refresh
2026-05-14,Awareness Video,Organic,Moscow,mobile,/,Ivan,21450,1463,2194.5,19,5,68753.79,RUB,False,cr_71855,
2026-07-01,Awareness Video,LinkedIn,Saint Petersburg,desktop,/product,Olga,15737,364,13403.59,14,1,15902.72,RUB,True,cr_25675,manual check
2026-08-07,Retargeting,Meta Ads,Novosibirsk,desktop,/case-study,Ivan,11707,511,10548.38,39,6,61857.78,RUB,True,cr_96150,
2026-06-25,Performance Max,Meta Ads,Yekaterinburg,desktop,/case-study,Anna,26245,1537,32000.75,108,14,143230.87,RUB,True,cr_86639,
2026-02-08,Summer Sale,Organic,Saint Petersburg,mobile,/blog/seo,Olga,12584,865,1297.5,50,9,97815.61,RUB,False,cr_63161,creative refresh
2026-07-10,Summer Sale,Google Ads,Saint Petersburg,desktop,/product,Olga,18031,727,17205.25,43,10,112959.19,RUB,True,cr_31695,
2026-01-30,Brand Search,Google Ads,Kazan,tablet,/blog/seo,Olga,23896,1280,29654.34,158,35,410730.78,RUB,False,cr_47804,
2026-08-10,Retargeting,Google Ads,Kazan,desktop,/product,Olga,11420,535,14174.57,71,13,185642.53,RUB,True,cr_67135,manual check
2026-01-19,Awareness Video,Referral,Kazan,mobile,/product,Olga,10041,490,4338.9,19,3,33165.87,RUB,False,cr_62930,
2026-09-10,Awareness Video,Meta Ads,Kazan,desktop,/,Nikita,21409,564,12233.22,19,3,48280.79,RUB,False,cr_52294,
2026-06-07,Awareness Video,Google Ads,Kazan,desktop,/contact,Ivan,27665,1251,25087.66,66,15,267505.14,RUB,True,cr_56211,
2026-09-11,B2B Leads,Organic,Yekaterinburg,mobile,/case-study,Anna,8834,749,3446.09,106,19,259145.91,RUB,False,cr_70436,
2026-04-14,Summer Sale,Google Ads,Novosibirsk,desktop,/case-study,Nikita,20706,1174,34016.8,128,26,395154.96,RUB,False,cr_26704,
2026-02-17,B2B Leads,Organic,Novosibirsk,mobile,/contact,Olga,11663,1013,1519.5,164,45,451215.63,RUB,False,cr_98454,
2026-05-14,Performance Max,Organic,Saint Petersburg,mobile,/,,19127,1186,9091.46,99,21,261395.68,RUB,False,cr_78259,
2026-02-14,Retargeting,Email,Yekaterinburg,tablet,/product,Sergey,9367,783,1174.5,89,21,247068.93,RUB,False,cr_55671,
2026-02-23,Spring Promo,Google Ads,Saint Petersburg,mobile,/pricing,Ivan,18427,833,28910.82,73,13,137981.67,RUB,False,cr_54942,
2026-05-01,Retargeting,Referral,Yekaterinburg,desktop,/product,Nikita,7242,289,8239.038871733614,29,5,297371.77630641294,RUB,False,cr_34142,
2026-01-29,Awareness Video,LinkedIn,Novosibirsk,desktop,/pricing,Ivan,11675,155,7629.85,1,0,0.0,RUB,False,cr_94080,
2026-03-30,Retargeting,Referral,Yekaterinburg,tablet,/product,,3411,129,2198.95,12,2,18811.25,RUB,True,cr_61012,
2026-05-20,B2B Leads,LinkedIn,Saint Petersburg,tablet,/pricing,Anna,1622,73,3208.91,11,2,26985.56,RUB,False,cr_88170,
2026-04-14,Performance Max,Google Ads,Kazan,desktop,/blog/seo,Anna,31466,1785,50811.22,100,23,364954.85,RUB,False,cr_17373,
2026-06-27,Awareness Video,Meta Ads,Kazan,mobile,/product,Olga,26978,1086,20321.86,76,15,146139.81,RUB,True,cr_22857,
2026-06-27,Lookalike Prospecting,Email,Moscow,desktop,/product,,5767,511,1583.29,17,5,51365.76,RUB,True,cr_62442,
2026-03-12,Awareness Video,Google Ads,Moscow,desktop,/pricing,,29653,1668,42933.44,91,22,275823.03,RUB,True,cr_71816,
2026-07-18,Lookalike Prospecting,Email,Yekaterinburg,desktop,/demo,,2402,214,2173.85,10,2,28943.61,RUB,True,cr_35909,
2026-07-04,Spring Promo,Google Ads,Yekaterinburg,desktop,/pricing,,16997,545,10943.53,38,8,138217.96,RUB,True,cr_93201,
2026-03-24,Brand Search,Google Ads,Novosibirsk,desktop,/blog/seo,Olga,27091,941,21213.87,138,33,506660.61,RUB,True,cr_30045,
2026-06-24,Performance Max,LinkedIn,Saint Petersburg,desktop,/,Ivan,10939,259,9017.62,20,4,56692.4,RUB,True,cr_86948,
2026-04-22,B2B Leads,Meta Ads,Saint Petersburg,mobile,/,Sergey,6763,143,2980.82,23,3,42767.27,RUB,False,cr_95395,
2026-01-24,Spring Promo,Meta Ads,Novosibirsk,mobile,/contact,Nikita,9823,310,7768.0,29,4,33870.78,RUB,False,cr_96365,
2026-04-21,Retargeting,Google Ads,Kazan,mobile,/demo,Anna,11767,562,63265.68641833662,62,14,628809.9255549542,RUB,False,cr_31390,
2026-06-07,Retargeting,Email,Moscow,mobile,/case-study,Ivan,6700,643,2771.55,51,10,109795.18,RUB,True,cr_85675,
2026-08-16,Spring Promo,Google Ads,Yekaterinburg,tablet,/,Ivan,10013,478,12473.15,33,9,109464.92,RUB,True,cr_11607,
2026-01-23,Summer Sale,Organic,Moscow,mobile,/product,Olga,14920,689,1033.5,64,15,151482.7,RUB,False,cr_33196,
2026-04-18,Awareness Video,Email,Yekaterinburg,desktop,/blog/seo,,17136,1345,2017.5,29,5,57876.16,RUB,False,cr_56936,
2026-07-03,Brand Search,Google Ads,Yekaterinburg,desktop,/contact,,20672,1081,39090.22,108,25,253792.85,RUB,True,cr_77346,
2026-06-18,Performance Max,Meta Ads,Kazan,mobile,/contact,Anna,24997,1005,18332.43,85,7,118156.03,RUB,True,cr_72077,manual check
2026-06-23,Summer Sale,LinkedIn,Saint Petersburg,tablet,,,6018,197,8514.41,17,2,13460.63,RUB,True,cr_34647,
2026-02-03,Lookalike Prospecting,Email,Yekaterinburg,desktop,/,Nikita,12740,3,3019.32,0,0,0.0,RUB,False,cr_53732,
2026-08-08,Brand Search,Email,Novosibirsk,mobile,/case-study,Olga,8280,654,3490.01,76,19,156370.59,RUB,True,cr_30710,
2026-07-27,Retargeting,Meta Ads,Yekaterinburg,tablet,/pricing,Ivan,4546,120,1740.24,9,1,8766.12,RUB,True,cr_65723,
2026-08-24,Brand Search,Google Ads,Moscow,desktop,/case-study,Ivan,14338,795,15190.0,115,33,379786.68,RUB,True,cr_10589,
2026-09-12,Summer Sale,Email,Yekaterinburg,desktop,/demo,Olga,4701,403,604.5,39,9,127025.34,RUB,False,cr_60054,
2026-05-29,Awareness Video,Email,Novosibirsk,mobile,/pricing,Olga,15702,1320,5661.65,47,11,137136.84,RUB,False,cr_65896,
2026-03-04,Awareness Video,Organic,Yekaterinburg,desktop,/blog/seo,,19612,1122,1683.0,71,17,193723.31,RUB,True,cr_95824,
2026-05-02,Brand Search,Referral,Saint Petersburg,desktop,/,Anna,3868,145,1344.14,16,2,18298.71,RUB,False,cr_72894,creative refresh
2026-05-15,B2B Leads,Referral,Moscow,desktop,/blog/seo,Nikita,6151,192,2936.66,28,6,71500.77,RUB,False,cr_64471,
2026-03-08,Retargeting,Referral,Kazan,mobile,/contact,Sergey,1306,29,381.61,3,0,0.0,RUB,True,cr_24758,creative refresh
2026-01-15,Awareness Video,Google Ads,Yekaterinburg,desktop,/product,Nikita,32607,2026,42515.55,79,18,286089.22,RUB,False,cr_99563,
2026-08-13,Retargeting,Organic,Yekaterinburg,mobile,/contact,Anna,7500,641,1128.73,63,16,187025.19,RUB,True,cr_74367,
2026-05-17,Summer Sale,Referral,Saint Petersburg,desktop,/pricing,Ivan,10051,503,4112.63,39,7,93813.94,RUB,False,cr_38690,
2026-06-16,B2B Leads,Google Ads,Novosibirsk,desktop,/pricing,Nikita,7530,410,12753.97,79,28,344562.83,RUB,True,cr_29995,
2026-09-27,Retargeting,Organic,Yekaterinburg,mobile,/contact,Olga,7288,494,741.0,42,7,71949.38,RUB,False,cr_35852,
2026-08-01,Retargeting,Email,Novosibirsk,mobile,/demo,Olga,400,30,96.23,3,0,0.0,RUB,True,cr_96805,
2026-01-28,Performance Max,Referral,Moscow,mobile,/,Sergey,7194,268,1781.3,23,5,71752.03,RUB,False,cr_38602,
2026-05-12,B2B Leads,Meta Ads,Novosibirsk,desktop,/contact,Anna,15643,305,4659.32,57,10,164113.0,RUB,False,cr_64796,
2026-06-14,Lookalike Prospecting,Meta Ads,Saint Petersburg,desktop,/product,Sergey,14452,429,7150.57,32,5,85239.33,RUB,True,cr_68985,
2026-05-19,Awareness Video,Organic,Kazan,mobile,/case-study,Sergey,23858,1383,2074.5,18,3,39553.64,RUB,False,cr_42642,creative refresh
2026-08-14,B2B Leads,Meta Ads,Kazan,mobile,/blog/seo,Anna,8322,172,3754.54,25,3,38424.25,RUB,True,cr_89833,
2026-06-27,Summer Sale,Google Ads,Novosibirsk,mobile,/product,Olga,17601,742,18846.56,69,17,215789.73,RUB,True,cr_27903,
2026-02-12,Summer Sale,Organic,Saint Petersburg,mobile,/contact,Olga,16227,1029,1543.5,93,20,212695.39,RUB,False,cr_54760,
2026-08-28,Retargeting,Google Ads,Yekaterinburg,desktop,/blog/seo,Anna,12174,644,18226.27,44,10,136117.67,RUB,True,cr_72771,
2026-07-15,Spring Promo,Referral,Moscow,tablet,/pricing,Sergey,6280,303,2401.66,25,4,60264.59,RUB,True,cr_76775,creative refresh
2026-09-27,Brand Search,Referral,Saint Petersburg,desktop,/blog/seo,Ivan,4089,173,992.12,26,5,54296.12,RUB,False,cr_47948,
2026-09-26,Lookalike Prospecting,Google Ads,Yekaterinburg,mobile,/product,Nikita,10934,524,13480.8,37,8,102327.16,RUB,False,cr_57511,
2026-04-24,Summer Sale,LinkedIn,Novosibirsk,mobile,/case-study,,10619,326,13159.22,24,4,19200.0,RUB,False,cr_86675,
2026-05-11,Performance Max,LinkedIn,Novosibirsk,desktop,,,15842,672,23676.86,57,7,95682.12,RUB,False,cr_30566,
2026-01-23,Awareness Video,Google Ads,Yekaterinburg,tablet,/contact,Sergey,28559,1232,39255.25,54,11,81886.61,RUB,False,cr_75661,landing page updated
2026-05-05,Brand Search,LinkedIn,Moscow,desktop,/contact,Nikita,9854,438,18961.95,60,8,122153.32,RUB,False,cr_82932,
2026-09-22,Awareness Video,Referral,Saint Petersburg,desktop,/demo,Olga,2582,76,114.0,2,0,0.0,RUB,False,cr_24244,
2026-03-19,Awareness Video,Referral,Kazan,mobile,/product,Sergey,11214,417,625.5,19,3,34087.46,RUB,True,cr_25386,
2026-06-19,Summer Sale,Google Ads,Novosibirsk,desktop,/blog/seo,Nikita,17912,1042,32707.95,100,21,275682.17,RUB,True,cr_94083,
2026-05-10,Brand Search,Email,Novosibirsk,desktop,/contact,,11693,1093,2428.94,139,36,475184.33,RUB,False,cr_47763,
2026-08-25,Performance Max,Referral,Saint Petersburg,mobile,/contact,Anna,9891,612,12652.76,25,4,36748.61,RUB,True,cr_16107,
2026-02-06,Summer Sale,Google Ads,Saint Petersburg,desktop,,,19226,1070,27315.55,116,28,455956.7,RUB,False,cr_32054,
2026-01-28,Retargeting,Google Ads,Saint Petersburg,desktop,/contact,Anna,15959,651,16558.43,51,10,141350.28,RUB,False,cr_80331,
2026-05-13,Performance Max,Organic,Kazan,mobile,/case-study,,18121,889,1333.5,47,11,147388.79,RUB,False,cr_40846,
2026-04-28,B2B Leads,Referral,Saint Petersburg,desktop,/case-study,Sergey,2342,91,687.0,13,3,45118.15,RUB,False,cr_27323,
2026-04-21,B2B Leads,Organic,Moscow,tablet,/demo,Olga,4622,293,2094.999550621162,49,11,482119.6488699224,RUB,False,cr_30800,
2026-07-02,Spring Promo,Email,Novosibirsk,desktop,/case-study,,6688,613,919.5,40,8,120359.59,RUB,True,cr_94084,
2026-09-14,Brand Search,LinkedIn,Saint Petersburg,mobile,/demo,Ivan,4753,149,6155.42,23,4,24456.45,RUB,False,cr_31094,
2026-08-27,Retargeting,Meta Ads,Kazan,mobile,/pricing,Anna,6956,286,3917.88,35,7,95805.05,RUB,True,cr_13801,
2026-01-06,Brand Search,Google Ads,Moscow,desktop,/blog/seo,,18864,1223,30479.89,138,25,349481.28,RUB,False,cr_69101,
2026-01-07,Spring Promo,Email,Yekaterinburg,mobile,/case-study,,5312,368,552.0,28,7,104287.74,RUB,False,cr_35289,
2026-08-07,Performance Max,Organic,Saint Petersburg,mobile,/blog/seo,Ivan,14547,894,8828.28,77,14,181985.67,RUB,True,cr_53560,
2026-01-01,Awareness Video,Google Ads,Kazan,mobile,/contact,Sergey,26139,1131,25690.08,15,2,27591.55,RUB,False,cr_35658,
2026-05-26,Brand Search,Meta Ads,Yekaterinburg,mobile,/,Olga,17898,635,12095.32,79,15,180191.27,RUB,False,cr_60131,
2026-08-05,Performance Max,Meta Ads,Kazan,mobile,/pricing,Ivan,20697,686,14495.0,17,2,28442.13,RUB,True,cr_87332,
2026-04-19,Awareness Video,Organic,Novosibirsk,desktop,/demo,Sergey,17970,888,1571.57,8,1,14860.18,RUB,False,cr_42624,
2026-06-09,Performance Max,LinkedIn,Moscow,mobile,/pricing,Nikita,11703,312,11463.34,29,3,38488.74,RUB,True,cr_56365,
2026-06-03,Summer Sale,Organic,Yekaterinburg,desktop,/,,17704,1037,1555.5,95,23,361423.87,RUB,True,cr_25909,
2026-09-01,Awareness Video,Organic,Moscow,desktop,/contact,,19636,1354,2031.0,20,5,81355.45,RUB,False,cr_47682,
2026-01-27,Performance Max,Organic,Moscow,desktop,/blog/seo,Ivan,21115,1807,2710.5,119,25,406941.9,RUB,False,cr_61196,
2026-05-08,Performance Max,Organic,Novosibirsk,mobile,/pricing,Nikita,21802,1361,2041.5,71,11,104319.62,RUB,False,cr_58671,
2026-01-08,Lookalike Prospecting,Referral,Yekaterinburg,desktop,/case-study,,5422,236,1206.51,13,2,26064.04,RUB,False,cr_62638,landing page updated
2026-09-28,Awareness Video,Meta Ads,Yekaterinburg,mobile,/blog/seo,Olga,14271,367,7869.48,13,3,36088.76,RUB,False,cr_23860,
2026-09-17,Brand Search,Organic,Yekaterinburg,desktop,/,Olga,11864,756,3617.94,84,19,278458.5,RUB,False,cr_43743,
2026-01-09,Awareness Video,Email,Kazan,mobile,/blog/seo,,18394,1719,2578.5,55,15,231135.88,RUB,False,cr_66800,
2026-01-06,Lookalike Prospecting,Google Ads,Yekaterinburg,mobile,/blog/seo,Ivan,15207,1051,27977.52,75,17,202774.01,RUB,False,cr_98223,
2026-09-18,Summer Sale,Google Ads,Novosibirsk,desktop,/blog/seo,Nikita,12240,582,13871.53,59,15,145497.25,RUB,False,cr_30407,creative refresh
2026-02-19,Brand Search,LinkedIn,Moscow,mobile,/product,Ivan,10337,329,12616.78,39,4,43548.98,RUB,False,cr_26523,
2026-02-21,B2B Leads,Email,Saint Petersburg,mobile,/case-study,,3126,252,1327.07,41,8,87024.7,RUB,False,cr_79212,
2026-06-17,Spring Promo,Google Ads,Moscow,desktop,,,13774,600,11429.13,35,8,93878.93,RUB,True,cr_12682,
2026-06-12,Spring Promo,Meta Ads,Saint Petersburg,mobile,/contact,Anna,15593,459,10964.26,41,7,66331.34,RUB,True,cr_73471,
2026-02-14,Summer Sale,Google Ads,Yekaterinburg,desktop,/product,Nikita,17046,730,18547.42,82,15,166772.95,RUB,False,cr_56607,
2026-03-05,Brand Search,Google Ads,Novosibirsk,mobile,/blog/seo,Olga,19782,1006,32211.85,131,32,424150.97,RUB,True,cr_63218,
2026-09-23,B2B Leads,Organic,Saint Petersburg,mobile,/demo,Olga,5920,498,747.0,71,16,144652.03,RUB,False,cr_33434,
2026-03-07,Spring Promo,Organic,Novosibirsk,mobile,/case-study,Anna,10190,564,846.0,42,9,96675.92,RUB,True,cr_25972,
2026-07-07,Retargeting,Meta Ads,Moscow,mobile,/demo,Ivan,11574,276,6365.25,28,5,67188.2,RUB,True,cr_92911,creative refresh
2026-06-11,Spring Promo,Meta Ads,Yekaterinburg,desktop,/,Nikita,11090,208,3488.41,15,1,16572.69,RUB,True,cr_40105,
2026-03-15,Lookalike Prospecting,Meta Ads,Saint Petersburg,mobile,/case-study,Sergey,19820,523,11352.55,42,6,81204.15,RUB,True,cr_93232,high competition
2026-08-12,Retargeting,Meta Ads,Kazan,desktop,/case-study,Nikita,9848,234,3961.83,21,2,24898.02,RUB,True,cr_59250,
2026-06-11,Lookalike Prospecting,Google Ads,Novosibirsk,desktop,/demo,Olga,14048,869,20557.82,30,7,100983.9,RUB,True,cr_99882,
2026-07-05,Awareness Video,Email,Moscow,desktop,/pricing,Sergey,13095,1097,6715.26,30,7,112714.05,RUB,True,cr_32580,
2026-08-05,B2B Leads,Organic,Moscow,desktop,/blog/seo,,7144,419,733.79,65,13,162742.5,RUB,True,cr_70012,
2026-07-09,Performance Max,Meta Ads,Yekaterinburg,mobile,/case-study,Ivan,26290,669,10340.25,49,6,76747.34,RUB,True,cr_35444,
2026-08-28,Lookalike Prospecting,LinkedIn,Saint Petersburg,mobile,/demo,Sergey,3063,138,6024.67,8,1,11467.38,RUB,True,cr_15432,high competition
2026-01-25,Lookalike Prospecting,Organic,Moscow,mobile,/pricing,Ivan,13534,992,1488.0,19,4,42833.23,RUB,False,cr_48467,
2026-01-17,Brand Search,Google Ads,Yekaterinburg,desktop,/case-study,Nikita,18691,1168,31349.47,146,29,395044.95,RUB,False,cr_53001,manual check
2026-06-04,Lookalike Prospecting,Organic,Saint Petersburg,mobile,/case-study,Olga,8264,692,4508.77,56,12,132520.71,RUB,True,cr_80603,
2026-02-28,Awareness Video,Organic,Saint Petersburg,desktop,/blog/seo,Anna,18603,1202,8327.38,12,2,26366.99,RUB,False,cr_35479,
2026-03-28,Brand Search,Meta Ads,Moscow,desktop,/,Nikita,20543,725,13306.49,86,12,142948.38,RUB,True,cr_36627,
2026-07-27,Spring Promo,Email,Kazan,desktop,/demo,Ivan,3703,281,1978.17,26,6,82285.94,RUB,True,cr_92018,high competition
2026-04-11,Spring Promo,Email,Moscow,mobile,/pricing,Olga,9635,706,3204.41,54,11,138063.4,RUB,False,cr_12017,
2026-09-09,Awareness Video,LinkedIn,Kazan,desktop,/blog/seo,Olga,7223,209,9121.79,2,0,0.0,RUB,False,cr_15277,
2026-05-11,Spring Promo,Referral,Kazan,mobile,/demo,Olga,4646,194,1538.84,13,2,24568.57,RUB,False,cr_24123,
2026-05-08,Retargeting,Email,Saint Petersburg,desktop,/blog/seo,Sergey,5654,517,775.5,47,12,189555.65,RUB,False,cr_78666,
2026-07-04,B2B Leads,Meta Ads,Novosibirsk,mobile,/contact,Nikita,5074,168,4847.51,26,5,48631.22,RUB,True,cr_37293,
2026-01-12,Lookalike Prospecting,LinkedIn,Kazan,mobile,/case-study,Nikita,6091,213,9289.7,6,0,0.0,RUB,False,cr_92985,
2026-04-07,Awareness Video,Meta Ads,Novosibirsk,desktop,/,Nikita,31986,1116,16560.58,72,7,90614.29,RUB,False,cr_70752,
2026-03-17,Brand Search,LinkedIn,Kazan,desktop,/pricing,Nikita,12067,554,19192.89,86,12,190185.16,RUB,True,cr_81833,creative refresh
2026-02-13,B2B Leads,Meta Ads,Moscow,desktop,/pricing,Anna,8655,335,6023.43,56,11,164686.68,RUB,False,cr_11401,
2026-02-19,Performance Max,Referral,Novosibirsk,mobile,/product,Anna,12897,605,5262.22,40,8,93688.76,RUB,False,cr_20561,landing page updated
2026-06-15,Performance Max,Organic,Moscow,mobile,/contact,,20223,1046,7758.34,93,17,237968.12,RUB,True,cr_71600,
2026-08-11,Lookalike Prospecting,LinkedIn,Moscow,mobile,/demo,Ivan,2209,77,3416.39,3,0,0.0,RUB,True,cr_12589,
2026-09-02,Retargeting,Google Ads,Moscow,desktop,/contact,Ivan,10664,566,12405.32,72,16,278614.24,RUB,False,cr_47487,
2026-02-27,Awareness Video,Google Ads,Moscow,mobile,/demo,Olga,37230,1631,42361.93,69,19,236161.01,RUB,False,cr_63027,
2026-04-23,B2B Leads,Meta Ads,Moscow,mobile,/product,Anna,10034,154,3153.49,25,3,30242.83,RUB,False,cr_71607,
2026-09-24,Performance Max,Meta Ads,Kazan,mobile,,,17077,583,12114.81,56,9,95712.84,RUB,False,cr_59545,
2026-08-29,Awareness Video,Email,Saint Petersburg,tablet,/pricing,Nikita,12178,729,2746.49,23,6,67510.82,RUB,True,cr_62105,
2026-08-31,Spring Promo,Meta Ads,Moscow,desktop,/case-study,Nikita,10570,291,6637.58,23,4,64333.1,RUB,True,cr_33267,
2026-09-04,B2B Leads,Organic,Saint Petersburg,mobile,/demo,Olga,4460,281,1575.84,41,9,115845.06,RUB,False,cr_84397,
2026-07-03,Summer Sale,Google Ads,Moscow,desktop,/pricing,,12772,662,17010.61,48,8,124179.62,RUB,True,cr_28953,
2026-03-16,Lookalike Prospecting,Meta Ads,Kazan,mobile,,,18798,548,7681.82,22,2,26005.85,RUB,True,cr_44650,
2026-07-29,Retargeting,Referral,Moscow,mobile,/blog/seo,Anna,7115,176,1420.76,12,3,38688.92,RUB,True,cr_98378,
2026-08-21,Spring Promo,Organic,Novosibirsk,mobile,/contact,Sergey,7026,403,604.5,27,3,40377.27,RUB,True,cr_18576,
2026-01-30,Spring Promo,LinkedIn,Moscow,mobile,/product,,11007,365,15752.13,31,3,31488.68,RUB,False,cr_78056,
2026-06-21,Lookalike Prospecting,Google Ads,Novosibirsk,desktop,/,Anna,9884,558,16077.49,38,8,101727.33,RUB,True,cr_58226,
2026-08-09,Summer Sale,Email,Kazan,tablet,/product,Anna,6917,521,2595.19,32,7,97693.23,RUB,True,cr_78861,
2026-05-18,Summer Sale,LinkedIn,Moscow,mobile,/pricing,Ivan,6259,137,4969.27,14,1,12060.77,RUB,False,cr_31381,
2026-08-21,B2B Leads,Organic,Moscow,desktop,/case-study,Ivan,7776,326,1244.8,50,6,70930.16,RUB,True,cr_92319,
2026-05-31,Awareness Video,Meta Ads,Saint Petersburg,mobile,/pricing,Sergey,20837,411,6323.06,22,3,43258.53,RUB,False,cr_74236,
2026-09-20,Summer Sale,Organic,Saint Petersburg,desktop,/blog/seo,Ivan,7491,496,1152.67,43,8,90673.91,RUB,False,cr_77982,
2026-01-05,Summer Sale,Meta Ads,Saint Petersburg,mobile,/,Anna,16327,617,11881.64,40,6,79362.93,RUB,False,cr_97142,
2026-09-06,Retargeting,LinkedIn,Moscow,mobile,/pricing,Olga,1691,54,2230.78,5,0,0.0,RUB,False,cr_19796,
2026-09-15,Retargeting,Referral,Moscow,tablet,/blog/seo,Anna,2750,89,783.68,7,1,14359.83,RUB,False,cr_34583,
2026-03-10,B2B Leads,Meta Ads,Yekaterinburg,mobile,/contact,Sergey,14052,296,4689.66,49,5,63947.01,RUB,True,cr_89526,
2026-05-24,Lookalike Prospecting,LinkedIn,Saint Petersburg,mobile,/contact,Olga,4787,129,5619.79,10,1,8228.31,RUB,False,cr_64766,
2026-06-26,Lookalike Prospecting,LinkedIn,Novosibirsk,desktop,/,,8240,281,10862.03,16,3,38766.71,RUB,True,cr_88000,
2026-03-05,Summer Sale,Email,Yekaterinburg,desktop,/blog/seo,Anna,12777,1065,1761.38,94,27,267168.33,RUB,True,cr_50863,
2026-06-23,Lookalike Prospecting,Organic,Moscow,desktop,/,Nikita,9587,702,1053.0,44,6,100602.39,RUB,True,cr_31330,
2026-04-10,B2B Leads,Meta Ads,Yekaterinburg,desktop,/demo,Olga,12099,449,8164.93,77,14,180932.44,RUB,False,cr_92674,
2026-02-23,Retargeting,Organic,Kazan,mobile,/product,Nikita,11641,839,6677.6,76,14,133983.64,RUB,False,cr_66053,
2026-02-22,Lookalike Prospecting,Google Ads,Yekaterinburg,desktop,/blog/seo,Ivan,21453,1270,24886.54,39,10,153492.56,RUB,False,cr_12591,manual check
2026-07-17,Performance Max,Google Ads,Saint Petersburg,desktop,/blog/seo,,26464,871,18965.08,87,19,217336.34,RUB,True,cr_18758,
2026-01-22,Lookalike Prospecting,Google Ads,Saint Petersburg,mobile,/pricing,Sergey,17378,1011,20109.92,27,7,80735.87,RUB,False,cr_67056,
2026-04-11,Lookalike Prospecting,Google Ads,Moscow,desktop,/case-study,Ivan,14398,729,13859.0,56,11,172875.97,RUB,False,cr_57934,
2026-02-16,Awareness Video,Google Ads,Moscow,desktop,/product,Anna,29200,1765,48905.75,41,8,112101.01,RUB,False,cr_55095,
2026-08-03,Brand Search,Email,Moscow,desktop,/contact,Nikita,4836,392,2859.13,57,15,195949.08,RUB,True,cr_53578,
2026-07-22,Performance Max,Google Ads,Novosibirsk,mobile,/case-study,Olga,19534,1048,28376.74,61,15,171756.95,RUB,True,cr_96936,
2026-09-02,Lookalike Prospecting,Email,Yekaterinburg,desktop,/demo,Ivan,7318,618,1617.13,38,9,116449.88,RUB,False,cr_45011,
2026-04-29,Awareness Video,Organic,Moscow,desktop,/case-study,Anna,26095,1855,2782.5,66,17,234260.41,RUB,False,cr_35192,creative refresh
2026-09-16,Lookalike Prospecting,Meta Ads,Saint Petersburg,mobile,/pricing,Sergey,6218,152,1713.52,5,0,0.0,RUB,False,cr_82131,
2026-08-08,Performance Max,LinkedIn,Yekaterinburg,desktop,/,Ivan,11873,527,23359.89,38,4,70908.95,RUB,True,cr_72968,high competition
2026-01-06,Retargeting,Organic,Kazan,tablet,/blog/seo,Ivan,7759,585,4803.69,53,10,131494.08,RUB,False,cr_24397,
2026-02-25,B2B Leads,Google Ads,Novosibirsk,mobile,/demo,Anna,11879,518,15344.99,78,22,287171.36,RUB,False,cr_26767,
2026-02-23,Summer Sale,Google Ads,Yekaterinburg,mobile,/contact,Anna,19456,862,18116.43,83,22,248760.53,RUB,False,cr_15126,
2026-03-03,Summer Sale,Google Ads,Novosibirsk,desktop,/product,,21946,462,11204.62,25,7,110827.89,RUB,True,cr_54041,
2026-02-16,Spring Promo,Meta Ads,Moscow,mobile,,,13664,580,9154.78,54,7,93013.79,RUB,False,cr_73043,
2026-07-20,Retargeting,LinkedIn,Moscow,desktop,/blog/seo,Olga,4064,108,4301.28,9,1,10461.56,RUB,True,cr_44593,
2026-04-08,Spring Promo,Email,Kazan,desktop,/pricing,Sergey,9865,754,3446.84,60,18,251502.3,RUB,False,cr_64469,manual check
2026-01-17,Lookalike Prospecting,Google Ads,Yekaterinburg,mobile,/demo,Anna,19111,805,17942.78,22,5,52022.38,RUB,False,cr_22676,
2026-06-24,Summer Sale,Meta Ads,Novosibirsk,desktop,/product,Nikita,10415,319,6058.67,27,4,45659.4,RUB,True,cr_30875,
2026-07-16,Retargeting,Referral,Kazan,mobile,/case-study,Nikita,6633,159,1436.75,18,3,31948.73,RUB,True,cr_20384,
2026-05-14,Lookalike Prospecting,Meta Ads,Moscow,desktop,/,Anna,14902,450,9026.72,20,3,39274.15,RUB,False,cr_41250,
2026-05-14,Retargeting,Google Ads,Yekaterinburg,desktop,/,Nikita,16958,969,21921.84,86,17,266347.72,RUB,False,cr_61667,
2026-07-28,Awareness Video,Referral,Yekaterinburg,mobile,/,Sergey,12241,486,4215.59,10,2,25305.59,RUB,True,cr_23368,
2026-08-03,Spring Promo,Meta Ads,Saint Petersburg,mobile,,,14917,551,10671.19,37,7,90922.23,RUB,True,cr_56978,
2026-02-24,Performance Max,Google Ads,Moscow,tablet,/pricing,Ivan,29664,1783,36887.62,102,19,180710.74,RUB,False,cr_89930,
2026-02-27,Summer Sale,Meta Ads,Moscow,tablet,/blog/seo,Ivan,22478,954,20347.55,83,13,172791.89,RUB,False,cr_24715,
2026-04-14,Retargeting,Google Ads,Saint Petersburg,desktop,/demo,Ivan,13366,593,15262.74,69,19,233133.77,RUB,False,cr_12972,
2026-03-13,Spring Promo,Meta Ads,Yekaterinburg,mobile,/blog/seo,Anna,19482,618,7351.7,61,11,161782.69,RUB,True,cr_29627,creative refresh
2026-09-12,Spring Promo,LinkedIn,Moscow,mobile,/,Nikita,5954,133,5424.33,8,1,13305.82,RUB,False,cr_93845,high competition
2026-06-16,Retargeting,Email,Saint Petersburg,mobile,/contact,Ivan,9727,819,3369.34,82,20,287124.11,RUB,True,cr_30641,high competition
2026-08-01,Lookalike Prospecting,Google Ads,Yekaterinburg,desktop,/demo,,12311,630,12530.45,52,10,139215.54,RUB,True,cr_55167,
2026-04-01,B2B Leads,Referral,Kazan,desktop,/blog/seo,Ivan,4066,3,4750.9707017770725,0,0,0.0,RUB,False,cr_76381,
2026-05-09,Performance Max,Referral,Moscow,mobile,/contact,Anna,10116,593,2689.95,30,5,60610.12,RUB,False,cr_24677,
2026-07-12,Performance Max,Referral,Saint Petersburg,mobile,,,9126,313,469.5,24,4,43246.14,RUB,True,cr_28383,
2026-07-09,Awareness Video,Referral,Novosibirsk,mobile,/contact,Sergey,10889,469,3368.94,14,2,22222.13,RUB,True,cr_60513,
2026-09-07,Retargeting,Organic,Moscow,mobile,/contact,,8516,541,811.5,33,7,98721.06,RUB,False,cr_80854,
2026-05-21,Lookalike Prospecting,Organic,Yekaterinburg,desktop,/demo,Nikita,8120,602,3235.76,26,4,48003.93,RUB,False,cr_61574,
2026-07-13,Summer Sale,Email,Kazan,desktop,/demo,Anna,9247,866,1850.09,51,11,160562.3,RUB,True,cr_98078,
2026-07-14,Lookalike Prospecting,LinkedIn,Saint Petersburg,mobile,/,Olga,11597,365,13167.95,9,1,9431.02,RUB,True,cr_91478,
2026-05-31,Performance Max,Referral,Moscow,desktop,/,Nikita,9537,371,4681.31,37,8,94290.47,RUB,False,cr_27883,
2026-03-25,Brand Search,Referral,Yekaterinburg,mobile,/case-study,Anna,9781,496,1442.48,59,16,235736.88,RUB,True,cr_99242,high competition
2026-07-31,Awareness Video,Organic,Yekaterinburg,tablet,/pricing,Olga,19465,1512,4344.51,71,13,185527.08,RUB,True,cr_68176,
2026-02-16,Awareness Video,Google Ads,Moscow,desktop,/product,Anna,29200,1765,48905.75,41,8,112101.01,RUB,False,cr_55095,
2026-01-25,B2B Leads,Meta Ads,Yekaterinburg,desktop,/demo,Nikita,13877,152,2555.13,21,3,38549.11,RUB,False,cr_67993,
2026-01-31,B2B Leads,Google Ads,Novosibirsk,mobile,/case-study,,12587,781,16424.92,130,36,488933.71,RUB,False,cr_31817,
2026-08-21,Retargeting,Meta Ads,Moscow,mobile,/pricing,Ivan,10418,231,3742.61,19,4,40827.97,RUB,True,cr_84710,
2026-05-21,B2B Leads,Organic,Saint Petersburg,desktop,/demo,Olga,6852,385,2090.84,49,14,219082.98,RUB,False,cr_97231,
2026-07-06,Lookalike Prospecting,Meta Ads,Yekaterinburg,mobile,/contact,Sergey,11514,246,2655.56,16,3,33714.96,RUB,True,cr_90291,
2026-03-01,B2B Leads,Email,Yekaterinburg,mobile,/pricing,Anna,2208,168,931.16,21,4,39405.35,RUB,True,cr_81386,
2026-07-23,Spring Promo,Meta Ads,Moscow,desktop,/blog/seo,Sergey,12094,549,10166.5,44,10,186984.59,RUB,True,cr_49857,
2026-01-02,Spring Promo,Organic,Yekaterinburg,tablet,/demo,Nikita,14636,995,15411.74,63,12,149666.22,RUB,False,cr_60636,
2026-07-19,Awareness Video,Organic,Moscow,mobile,/product,Anna,13771,1013,5758.79,10,2,27417.45,RUB,True,cr_81442,
2026-04-11,B2B Leads,Meta Ads,Kazan,mobile,/blog/seo,,13065,332,6492.12,46,6,72032.45,RUB,False,cr_75867,
2026-09-06,Awareness Video,LinkedIn,Novosibirsk,desktop,/,Anna,11429,384,15383.02,5,0,0.0,RUB,False,cr_76634,
2026-05-18,B2B Leads,Organic,Moscow,mobile,/,,7649,503,754.5,85,21,194891.08,RUB,False,cr_32149,landing page updated
2026-07-21,Awareness Video,LinkedIn,Kazan,desktop,/case-study,Nikita,12195,417,16587.27,10,1,13357.66,RUB,True,cr_36583,
2026-07-21,Spring Promo,Email,Yekaterinburg,desktop,/contact,Nikita,5712,459,688.5,36,8,104988.65,RUB,True,cr_10500,
2026-01-15,B2B Leads,Organic,Moscow,mobile,/blog/seo,Ivan,7547,424,814.27,70,15,134704.74,RUB,False,cr_37856,
2026-05-12,Performance Max,Referral,Yekaterinburg,desktop,/product,Ivan,8541,213,1181.2,21,4,40652.56,RUB,False,cr_21695,
2026-04-21,Brand Search,Email,Kazan,mobile,/product,Sergey,17100,1462,9804.05,182,41,498248.72,RUB,False,cr_33227,
2026-01-15,Summer Sale,Organic,Yekaterinburg,desktop,/,Anna,10729,707,1060.5,67,20,314138.85,RUB,False,cr_88411,
2026-01-09,Performance Max,Google Ads,Saint Petersburg,mobile,/case-study,Nikita,28233,1210,32252.37,113,15,156364.81,RUB,False,cr_11252,
2026-06-09,B2B Leads,Referral,Saint Petersburg,tablet,/,,2358,81,586.31,12,2,32109.48,RUB,True,cr_24639,
2026-09-09,Summer Sale,Email,Moscow,mobile,/,Ivan,5269,431,1034.78,41,9,89412.07,RUB,False,cr_99527,
2026-06-08,B2B Leads,Organic,Saint Petersburg,desktop,/case-study,Ivan,11210,740,3710.12,119,23,218315.46,RUB,True,cr_99521,
2026-06-04,Brand Search,Meta Ads,Novosibirsk,mobile,/,Anna,19719,414,8011.26,55,11,163766.99,RUB,True,cr_57147,
2026-08-03,Retargeting,Google Ads,Yekaterinburg,desktop,/,,8566,446,9874.78,59,17,262966.28,RUB,True,cr_55819,manual check
2026-02-09,Performance Max,Referral,Moscow,tablet,/pricing,,13602,551,826.5,51,8,89816.73,RUB,False,cr_89063,
2026-06-02,Brand Search,Referral,Yekaterinburg,desktop,/,Ivan,7205,268,1374.42,44,8,134923.11,RUB,True,cr_14030,creative refresh
2026-08-08,Retargeting,Google Ads,Yekaterinburg,tablet,/product,Sergey,7201,319,9815.14,26,4,45099.98,RUB,True,cr_82468,
2026-03-29,Spring Promo,Google Ads,Novosibirsk,tablet,/case-study,Anna,15675,803,27620.23,53,11,137141.86,RUB,True,cr_74817,
2026-05-18,Brand Search,Google Ads,Kazan,desktop,/,Nikita,20699,777,19463.87,104,22,262005.57,RUB,False,cr_78475,
2026-08-25,B2B Leads,Meta Ads,Yekaterinburg,mobile,/blog/seo,,1625,44,805.1,7,1,10363.76,RUB,True,cr_19622,
2026-04-10,Brand Search,Google Ads,Kazan,tablet,/case-study,Olga,26233,1519,31023.15,180,39,541346.84,RUB,False,cr_28733,manual check
2026-08-04,Retargeting,LinkedIn,Yekaterinburg,mobile,/contact,,4805,205,7833.9,27,3,35961.95,RUB,True,cr_31164,
2026-05-30,Spring Promo,Organic,Saint Petersburg,desktop,/case-study,Ivan,4703,352,746.23,26,6,106989.05,RUB,False,cr_65030,
2026-01-03,Retargeting,Email,Kazan,mobile,/demo,Ivan,7634,667,1000.5,63,16,209531.33,RUB,False,cr_98614,creative refresh
2026-09-26,B2B Leads,Meta Ads,Yekaterinburg,desktop,/demo,,3182,30,496.93,4,0,0.0,RUB,False,cr_70477,
2026-07-31,Summer Sale,Google Ads,Yekaterinburg,mobile,,,15409,786,13362.22,85,16,174594.5,RUB,True,cr_12919,
2026-04-20,B2B Leads,Referral,Novosibirsk,mobile,/,Anna,4755,319,1998.03,44,9,66989.3,RUB,False,cr_83664,
2026-03-12,Retargeting,Organic,Novosibirsk,mobile,/contact,Ivan,8545,646,5275.68,46,9,132797.19,RUB,True,cr_87713,
2026-02-03,B2B Leads,Meta Ads,Yekaterinburg,mobile,/case-study,,8254,255,3642.38,46,7,85557.05,RUB,False,cr_77494,
2026-09-30,Lookalike Prospecting,Google Ads,Moscow,desktop,/pricing,,14958,456,12493.37,26,6,67074.72,RUB,False,cr_66690,
2026-05-28,Retargeting,Organic,Saint Petersburg,desktop,/contact,Sergey,6989,508,1349.88,48,9,91494.39,RUB,False,cr_59116,
2026-04-14,Brand Search,Email,Kazan,desktop,/case-study,Olga,10044,880,3229.08,147,41,610155.69,RUB,False,cr_42376,landing page updated
2026-08-23,Lookalike Prospecting,Referral,Moscow,desktop,/demo,Olga,5957,300,3581.3,3,0,0.0,RUB,True,cr_64017,
2026-08-08,Awareness Video,Google Ads,Moscow,mobile,/contact,Olga,22105,1149,37491.83,14,4,39092.2,RUB,True,cr_44062,high competition
2026-04-30,Spring Promo,Email,Moscow,desktop,/blog/seo,Ivan,12068,936,1404.0,89,21,255182.21,RUB,False,cr_42872,
2026-08-02,Spring Promo,Organic,Novosibirsk,desktop,/pricing,Sergey,7535,576,864.0,61,16,252454.57,RUB,True,cr_69196,
2026-08-29,Brand Search,Email,Kazan,mobile,/product,Ivan,6803,449,2627.72,54,17,186497.72,RUB,True,cr_72150,
2026-01-06,Performance Max,Organic,Saint Petersburg,mobile,/,Olga,19975,1311,4925.83,89,17,208011.26,RUB,False,cr_35351,
2026-05-27,Lookalike Prospecting,Google Ads,Kazan,desktop,/demo,Ivan,14437,609,14252.35,33,8,147909.93,RUB,False,cr_88712,
2026-06-17,Summer Sale,Meta Ads,Moscow,desktop,/blog/seo,Nikita,18786,621,11272.17,58,9,127842.18,RUB,True,cr_71477,
2026-01-19,Lookalike Prospecting,Google Ads,Novosibirsk,mobile,/product,Olga,13180,829,23702.4,42,8,83158.77,RUB,False,cr_36431,
2026-03-31,Awareness Video,Organic,Saint Petersburg,desktop,/pricing,Anna,25555,1299,1948.5,47,12,225481.65,RUB,True,cr_48285,
2026-02-01,Spring Promo,LinkedIn,Kazan,desktop,/pricing,Sergey,4030,85,3427.61,6,1,12328.62,RUB,False,cr_58330,landing page updated
2026-01-01,Performance Max,Google Ads,Novosibirsk,desktop,/case-study,Anna,22060,1354,33717.55,103,26,414652.42,RUB,False,cr_90038,
2026-08-13,Lookalike Prospecting,Email,Saint Petersburg,desktop,/,Sergey,8057,685,1027.5,26,5,76824.69,RUB,True,cr_37868,creative refresh
2026-01-05,Spring Promo,Meta Ads,Saint Petersburg,mobile,/contact,Anna,14099,378,4822.44,43,5,71614.49,RUB,False,cr_62921,
2026-01-07,Lookalike Prospecting,Google Ads,Saint Petersburg,mobile,/product,Olga,17097,896,22599.17,50,9,98952.09,RUB,False,cr_72856,manual check
2026-03-25,Summer Sale,Google Ads,Kazan,mobile,/product,Olga,23411,947,31948.36,90,19,199805.73,RUB,True,cr_76708,high competition
2026-05-06,Spring Promo,Google Ads,Novosibirsk,tablet,/blog/seo,Ivan,18689,612,17045.85,46,8,76487.48,RUB,False,cr_96348,high competition
2026-02-14,Performance Max,Google Ads,Saint Petersburg,mobile,/contact,Nikita,23636,1125,30541.91,79,18,187829.37,RUB,False,cr_48458,
2026-05-26,Lookalike Prospecting,Organic,Saint Petersburg,desktop,/product,Ivan,13016,758,1137.0,43,10,117290.46,RUB,False,cr_43717,
2026-03-29,Awareness Video,Organic,Saint Petersburg,tablet,/product,,24368,1595,4148.43,15,3,45040.33,RUB,True,cr_49385,
2026-01-20,Summer Sale,Organic,Moscow,mobile,/blog/seo,Olga,13737,716,1798.89,52,13,135583.37,RUB,False,cr_39759,
2026-07-21,B2B Leads,Meta Ads,Novosibirsk,mobile,/contact,Olga,10156,208,3717.51,30,7,61727.81,RUB,True,cr_47739,
2026-05-04,Awareness Video,Organic,Yekaterinburg,desktop,/case-study,Anna,23726,1790,5851.57,32,4,58307.43,RUB,False,cr_84921,
2026-03-24,Summer Sale,Google Ads,Saint Petersburg,desktop,/pricing,Sergey,27236,1141,38120.52,91,20,273612.24,RUB,True,cr_55254,
2026-01-13,Retargeting,Email,Kazan,mobile,,,9566,815,2894.97,86,20,175007.43,RUB,False,cr_86077,
2026-05-08,Lookalike Prospecting,Email,Yekaterinburg,mobile,/,,13633,1166,12081.64,52,11,130745.36,RUB,False,cr_18118,
2026-07-18,B2B Leads,Referral,Moscow,mobile,/product,Anna,400,17,251.81,2,0,0.0,RUB,True,cr_55959,high competition
2026-02-11,Summer Sale,LinkedIn,Kazan,desktop,/,Ivan,9510,294,11668.4,25,4,49516.11,RUB,False,cr_80812,creative refresh
2026-04-19,B2B Leads,Meta Ads,Moscow,desktop,/contact,Anna,8907,243,5286.87,35,5,70850.16,RUB,False,cr_90907,
2026-05-02,Brand Search,Referral,Saint Petersburg,desktop,/,Anna,3868,145,1344.14,16,2,18298.71,RUB,False,cr_72894,creative refresh
2026-07-12,B2B Leads,Meta Ads,Saint Petersburg,desktop,/demo,Sergey,10103,293,4652.07,45,5,69828.9,RUB,True,cr_17464,
2026-05-23,Awareness Video,Referral,Novosibirsk,mobile,/,Olga,7478,320,1306.16,3,0,0.0,RUB,False,cr_13017,
2026-04-15,Brand Search,Meta Ads,Moscow,desktop,/pricing,,22640,456,8075.06,64,9,121399.66,RUB,False,cr_96339,
2026-09-25,Spring Promo,Organic,Moscow,desktop,/demo,Sergey,9637,512,1829.42,47,11,127254.39,RUB,False,cr_90528,
2026-06-02,Summer Sale,Organic,Yekaterinburg,desktop,/blog/seo,Olga,13393,880,3297.24,57,13,111203.26,RUB,True,cr_68596,
2026-04-27,Lookalike Prospecting,Email,Novosibirsk,desktop,/demo,Olga,9642,738,7008.95,32,9,96513.2,RUB,False,cr_27276,
2026-09-29,Brand Search,Meta Ads,Yekaterinburg,mobile,/,Olga,17746,480,8839.98,54,9,132413.54,RUB,False,cr_15493,
2026-04-06,Brand Search,Google Ads,Saint Petersburg,desktop,/,Ivan,22032,921,24582.89,73,16,190653.89,RUB,False,cr_65856,
2026-04-16,Retargeting,Organic,Yekaterinburg,desktop,/pricing,Olga,10054,756,7690.11,79,14,170572.22,RUB,False,cr_20683,
2026-05-16,Performance Max,Email,Saint Petersburg,desktop,/case-study,,17850,1241,5109.29,96,23,262019.27,RUB,False,cr_50768,
2026-02-05,Summer Sale,Referral,Saint Petersburg,mobile,/contact,Anna,8551,440,3546.67,42,9,156994.4,RUB,False,cr_42174,
2026-05-10,Lookalike Prospecting,Email,Yekaterinburg,desktop,/demo,,9479,779,1168.5,45,12,166762.46,RUB,False,cr_61939,
2026-02-24,Awareness Video,LinkedIn,Yekaterinburg,desktop,/pricing,Olga,14294,441,21181.38,4,0,0.0,RUB,False,cr_48759,landing page updated
2026-07-08,Brand Search,Google Ads,Yekaterinburg,tablet,/contact,Anna,20295,1005,25121.2,125,34,297704.53,RUB,True,cr_34276,
2026-07-07,Awareness Video,Google Ads,Kazan,tablet,/case-study,Nikita,28016,1250,27969.51,66,14,185046.01,RUB,True,cr_67290,
2026-08-26,Awareness Video,Organic,Novosibirsk,mobile,/product,,16335,916,1374.0,31,7,55039.47,RUB,True,cr_71415,
2026-05-04,Spring Promo,Email,Kazan,mobile,/case-study,Anna,16809,1339,8088.23,91,24,271193.02,RUB,False,cr_59819,
2026-06-08,Awareness Video,Meta Ads,Saint Petersburg,desktop,/demo,Anna,28859,86,1153.82,4,0,0.0,RUB,True,cr_95211,
2026-04-27,Performance Max,Email,Kazan,mobile,/case-study,Ivan,17101,1457,2185.5,88,20,195929.71,RUB,False,cr_16791,
2026-02-03,Retargeting,LinkedIn,Novosibirsk,desktop,/pricing,Ivan,5239,239,10037.23,25,4,46603.01,RUB,False,cr_94246,
2026-01-30,Performance Max,Email,Kazan,desktop,/,Ivan,18435,1947,9586.51,144,42,666766.2,RUB,False,cr_25379,
2026-02-06,Brand Search,Organic,Kazan,desktop,/demo,Olga,20973,1230,8162.36,162,32,506509.94,RUB,False,cr_26724,
2026-02-28,Performance Max,LinkedIn,Saint Petersburg,desktop,/product,Olga,10790,367,15431.54,17,2,39675.63,RUB,False,cr_11630,
2026-07-08,Lookalike Prospecting,Organic,Saint Petersburg,mobile,/product,,10999,730,7696.21,55,12,144882.02,RUB,True,cr_84642,
2026-05-27,Brand Search,Meta Ads,Moscow,mobile,/pricing,Sergey,16110,259,4942.85,28,4,38172.85,RUB,False,cr_29154,
2026-06-05,Brand Search,Meta Ads,Moscow,mobile,/contact,Anna,23067,474,9639.11,51,7,101715.38,RUB,True,cr_20807,
2026-07-28,Spring Promo,Google Ads,Moscow,desktop,/contact,Nikita,14212,758,21849.55,80,18,240506.15,RUB,True,cr_40657,
2026-05-14,B2B Leads,Google Ads,Kazan,mobile,/pricing,Nikita,12255,749,20654.65,121,28,323116.79,RUB,False,cr_81325,
2026-01-04,Performance Max,Meta Ads,Kazan,mobile,/case-study,Nikita,19254,579,11679.76,33,8,102360.39,RUB,False,cr_71135,landing page updated
2026-09-01,Summer Sale,Google Ads,Saint Petersburg,mobile,/blog/seo,Ivan,12996,638,15305.49,40,7,58872.6,RUB,False,cr_92627,
2026-03-02,Performance Max,Email,Saint Petersburg,mobile,/blog/seo,,17989,1713,2713.52,112,21,230492.02,RUB,True,cr_22497,landing page updated
2026-05-23,Brand Search,Email,Moscow,mobile,/contact,Olga,13070,855,2363.35,106,31,446241.51,RUB,False,cr_19107,
2026-01-26,Spring Promo,Organic,Moscow,desktop,/pricing,,15950,992,7197.99,57,11,123694.97,RUB,False,cr_58231,
2026-04-06,Performance Max,Meta Ads,Novosibirsk,desktop,/pricing,Ivan,27064,890,23715.52,69,12,135688.07,RUB,False,cr_29643,
2026-03-25,Awareness Video,Organic,Moscow,mobile,/,Olga,22822,1397,7358.49,56,14,143472.84,RUB,True,cr_20492,
2026-03-26,Retargeting,Google Ads,Moscow,desktop,/,Olga,14657,787,19746.24,58,11,160789.51,RUB,True,cr_51139,
2026-05-30,Awareness Video,Email,Saint Petersburg,mobile,/blog/seo,Sergey,14996,1208,6489.02,63,14,146034.48,RUB,False,cr_68499,
2026-01-10,Lookalike Prospecting,Organic,Novosibirsk,mobile,/pricing,Olga,12561,1040,1560.0,35,8,108507.76,RUB,False,cr_85703,
2026-07-25,Spring Promo,Organic,Yekaterinburg,mobile,/demo,Sergey,11415,716,2035.53,65,16,187489.9,RUB,True,cr_99834,
2026-05-29,Performance Max,Organic,Novosibirsk,desktop,/contact,Sergey,23345,1373,8115.23,81,15,190925.03,RUB,False,cr_23280,
2026-04-12,Spring Promo,Google Ads,Kazan,desktop,/pricing,Olga,17237,998,16111.02,72,18,173069.41,RUB,False,cr_73645,high competition
2026-07-06,B2B Leads,Google Ads,Saint Petersburg,mobile,/,Nikita,9846,382,6227.25,51,10,89446.2,RUB,True,cr_28782,
2026-08-30,B2B Leads,Google Ads,Kazan,tablet,/demo,Ivan,5308,252,7655.56,37,9,130418.6,RUB,True,cr_55299,
2026-05-07,Spring Promo,Meta Ads,Kazan,mobile,/pricing,Olga,15156,529,10053.35,27,5,67752.83,RUB,False,cr_47030,
2026-03-22,Lookalike Prospecting,Meta Ads,Novosibirsk,mobile,/product,Sergey,16011,581,7390.27,35,6,69882.13,RUB,True,cr_95998,
2026-05-02,Lookalike Prospecting,Google Ads,Saint Petersburg,desktop,/pricing,Olga,14357,781,20189.85,38,11,201244.42,RUB,False,cr_88233,
2026-02-10,Summer Sale,Meta Ads,Kazan,desktop,/,Nikita,22417,337,6646.43,29,4,59430.2,RUB,False,cr_87064,
2026-02-02,Lookalike Prospecting,Email,Novosibirsk,mobile,/contact,Sergey,7641,579,2515.34,38,10,151348.93,RUB,False,cr_91816,
2026-04-16,Awareness Video,Meta Ads,Novosibirsk,mobile,/demo,Ivan,32779,796,18415.64,14,2,11716.31,RUB,False,cr_80192,
2026-02-24,Spring Promo,Meta Ads,Novosibirsk,mobile,/pricing,,17640,597,12096.98,51,12,106599.93,RUB,False,cr_27889,
2026-06-18,Lookalike Prospecting,LinkedIn,Yekaterinburg,mobile,/case-study,Anna,5260,145,7252.63,8,0,0.0,RUB,True,cr_55313,
2026-02-25,Lookalike Prospecting,LinkedIn,Novosibirsk,mobile,/blog/seo,Ivan,7087,215,8528.93,13,1,11940.52,RUB,False,cr_43457,manual check
2026-09-18,Spring Promo,Google Ads,Kazan,desktop,/product,Olga,7050,321,9537.66,19,5,61023.4,RUB,False,cr_79235,
2026-04-24,Spring Promo,Google Ads,Moscow,desktop,/case-study,,19482,1014,29071.34,130,23,359775.44,RUB,False,cr_52531,
2026-05-11,Awareness Video,Meta Ads,Saint Petersburg,desktop,/contact,Anna,29291,934,15875.47,30,3,40404.71,RUB,False,cr_83631,
2026-09-14,Spring Promo,Referral,Yekaterinburg,mobile,/case-study,Olga,400,16,134.65,1,0,0.0,RUB,False,cr_28595,
2026-06-05,Awareness Video,Google Ads,Saint Petersburg,mobile,/case-study,Anna,27458,1115,33782.19,14,3,22403.03,RUB,True,cr_84420,
2026-05-25,Summer Sale,Organic,Yekaterinburg,desktop,/blog/seo,Anna,17311,1126,2512.62,90,22,292940.61,RUB,False,cr_69622,
2026-03-30,Spring Promo,Organic,Saint Petersburg,mobile,/,Nikita,16474,838,1257.0,75,17,161679.56,RUB,True,cr_89557,landing page updated
2026-08-22,B2B Leads,LinkedIn,Yekaterinburg,mobile,/pricing,Olga,485,16,612.31,2,0,0.0,RUB,True,cr_90298,manual check
2026-07-09,Brand Search,LinkedIn,Saint Petersburg,mobile,/case-study,Ivan,8192,260,9314.97,32,4,60152.57,RUB,True,cr_46244,
2026-02-01,Awareness Video,Organic,Saint Petersburg,mobile,/contact,Anna,16270,1152,9827.26,29,7,72468.33,RUB,False,cr_40651,
2026-08-15,Lookalike Prospecting,LinkedIn,Novosibirsk,desktop,/blog/seo,Anna,2947,89,3848.87,4,0,0.0,RUB,True,cr_35972,manual check
2026-03-17,Lookalike Prospecting,Meta Ads,Kazan,desktop,/pricing,Anna,15549,346,5445.52,12,3,50987.44,RUB,True,cr_81289,
2026-08-18,Awareness Video,Google Ads,Saint Petersburg,desktop,/demo,Nikita,23827,912,27826.85,62,16,157166.46,RUB,True,cr_51041,
2026-02-15,Spring Promo,Organic,Saint Petersburg,desktop,/blog/seo,,11322,794,1318.39,45,8,127558.32,RUB,False,cr_98896,
2026-04-11,Performance Max,Google Ads,Moscow,desktop,/case-study,Anna,28289,1386,40233.68,109,26,352625.39,RUB,False,cr_33806,manual check
2026-09-04,Summer Sale,Google Ads,Novosibirsk,mobile,/,Nikita,11104,498,12551.69,48,10,137485.24,RUB,False,cr_49038,landing page updated
2026-08-03,Performance Max,Google Ads,Moscow,mobile,/pricing,Ivan,24355,715,18075.5,50,12,159930.93,RUB,True,cr_92446,
2026-08-20,Awareness Video,Organic,Novosibirsk,mobile,/product,Anna,17695,1278,1917.0,45,8,96956.96,RUB,True,cr_73090,
2026-03-18,Retargeting,LinkedIn,Moscow,desktop,/blog/seo,Olga,7997,188,8107.38,24,3,33396.17,RUB,True,cr_54130,
2026-03-15,Brand Search,Google Ads,Novosibirsk,mobile,/demo,Nikita,23824,927,21871.37,121,29,372091.46,RUB,True,cr_42230,
2026-09-29,Summer Sale,LinkedIn,Novosibirsk,mobile,/,Anna,8040,171,7602.85,11,2,22408.33,RUB,False,cr_17527,high competition
2026-09-24,Retargeting,Email,Yekaterinburg,desktop,/,Anna,7786,626,939.0,45,9,144137.0,RUB,False,cr_38210,high competition
2026-07-03,Retargeting,Organic,Yekaterinburg,desktop,,,9085,721,1081.5,89,15,209707.62,RUB,True,cr_32455,
2026-07-18,Awareness Video,Google Ads,Novosibirsk,mobile,/pricing,Olga,20031,778,17806.54,27,7,95629.4,RUB,True,cr_78783,
2026-08-24,Performance Max,Referral,Saint Petersburg,mobile,/,Nikita,6554,283,2380.09,16,2,28687.78,RUB,True,cr_55097,
2026-07-13,B2B Leads,Meta Ads,Novosibirsk,desktop,/blog/seo,Ivan,8153,219,2862.57,39,6,85673.17,RUB,True,cr_39654,
2026-07-05,Retargeting,Meta Ads,Novosibirsk,desktop,/pricing,Nikita,12568,495,11492.17,52,11,154857.03,RUB,True,cr_48623,
2026-01-03,Awareness Video,Email,Yekaterinburg,desktop,/,Ivan,12170,1035,3808.44,26,8,131505.33,RUB,False,cr_97092,
2026-03-22,Retargeting,Google Ads,Saint Petersburg,desktop,/pricing,Ivan,11851,480,13530.23,51,12,153947.24,RUB,True,cr_89737,
2026-05-16,Awareness Video,Google Ads,Yekaterinburg,desktop,/pricing,,27689,1667,41257.14,30,7,92820.03,RUB,False,cr_38900,
2026-03-04,Retargeting,Referral,Novosibirsk,mobile,/blog/seo,Sergey,10032,431,5417.75,27,6,61784.49,RUB,True,cr_65161,
2026-02-21,Performance Max,Email,Saint Petersburg,desktop,/product,Nikita,14508,1251,5384.08,104,29,336426.36,RUB,False,cr_11014,
2026-04-09,Performance Max,Email,Kazan,desktop,/pricing,Olga,13351,1109,8130.3,94,20,266364.07,RUB,False,cr_31575,
2026-06-07,Brand Search,Meta Ads,Yekaterinburg,mobile,/blog/seo,Ivan,15508,246,4078.01,31,4,37525.88,RUB,True,cr_94743,
2026-01-17,B2B Leads,Meta Ads,Novosibirsk,mobile,/,Olga,10908,387,3255.05,67,11,152804.31,RUB,False,cr_62393,landing page updated
2026-06-16,Summer Sale,Referral,Kazan,desktop,/blog/seo,Sergey,8551,344,574.44,32,8,109567.03,RUB,True,cr_99023,manual check
2026-02-17,Brand Search,Meta Ads,Moscow,desktop,/demo,Anna,23032,592,9833.1,92,22,357623.24,RUB,False,cr_55046,
2026-06-10,Brand Search,Meta Ads,Kazan,mobile,/case-study,Ivan,20672,739,15539.9,92,19,198641.45,RUB,True,cr_73397,
2026-05-23,Spring Promo,Organic,Kazan,mobile,/contact,Anna,14269,920,1380.0,78,23,265570.37,RUB,False,cr_89834,manual check
2026-08-20,Retargeting,Referral,Saint Petersburg,mobile,/pricing,Ivan,2184,59,679.47,5,0,0.0,RUB,True,cr_98301,
2026-01-27,Awareness Video,Google Ads,Novosibirsk,mobile,/pricing,Nikita,30304,1677,51250.51,67,16,144722.3,RUB,False,cr_61112,manual check
2026-03-23,Summer Sale,Organic,Saint Petersburg,mobile,,,15175,1095,1642.5,115,25,264668.1,RUB,True,cr_96442,
2026-08-15,Retargeting,Google Ads,Saint Petersburg,mobile,/product,Sergey,5338,225,7044.29,26,8,70152.07,RUB,True,cr_30577,
2026-06-01,Brand Search,Organic,Yekaterinburg,mobile,/blog/seo,Nikita,15378,1187,2990.04,187,37,351357.67,RUB,True,cr_86439,
2026-08-04,Performance Max,Email,Moscow,mobile,/case-study,Nikita,9955,719,3908.25,36,12,108647.41,RUB,True,cr_83851,
2026-03-19,Performance Max,Organic,Kazan,mobile,/contact,Ivan,21229,1638,6054.49,115,18,162662.16,RUB,True,cr_35464,
2026-04-18,Spring Promo,Organic,Novosibirsk,mobile,/blog/seo,,8040,538,1262.0,38,9,106977.26,RUB,False,cr_90032,
2026-05-06,Lookalike Prospecting,LinkedIn,Kazan,mobile,/,Ivan,5340,113,4657.87,5,0,0.0,RUB,False,cr_48985,
2026-03-26,Spring Promo,Meta Ads,Saint Petersburg,desktop,/,,22245,783,17577.48,42,5,41189.67,RUB,True,cr_56330,
2026-06-29,Retargeting,LinkedIn,Saint Petersburg,tablet,/demo,,6546,221,7324.03,26,4,56343.73,RUB,True,cr_14329,
2026-06-01,Awareness Video,Email,Yekaterinburg,desktop,/,Olga,17746,1679,9044.48,62,15,199021.1,RUB,True,cr_85899,
2026-03-05,Spring Promo,Meta Ads,Saint Petersburg,mobile,/contact,,20430,547,10949.32,40,2,23686.07,RUB,True,cr_60599,
2026-05-07,B2B Leads,LinkedIn,Yekaterinburg,desktop,/,,4244,186,6453.9,28,4,61890.58,RUB,False,cr_53094,
2026-06-03,Awareness Video,Email,Kazan,desktop,/blog/seo,Anna,20311,1658,14920.08,18,5,81996.4,RUB,True,cr_58621,creative refresh
2026-04-20,Spring Promo,Email,Novosibirsk,mobile,/blog/seo,Sergey,9848,756,3041.36,71,20,246656.62,RUB,False,cr_76133,
2026-07-20,Brand Search,LinkedIn,Yekaterinburg,mobile,,,8477,201,6707.75,20,1,12694.87,RUB,True,cr_80739,
2026-03-11,Performance Max,Email,Saint Petersburg,desktop,/case-study,Olga,14842,1356,2034.0,117,29,493423.21,RUB,True,cr_17008,
2026-04-12,Summer Sale,Organic,Moscow,desktop,/pricing,Nikita,13983,869,1303.5,54,13,156892.61,RUB,False,cr_99826,
2026-02-15,B2B Leads,LinkedIn,Novosibirsk,mobile,/case-study,Nikita,6828,233,9041.2,42,9,110607.59,RUB,False,cr_34532,
2026-04-20,Lookalike Prospecting,Email,Moscow,mobile,,,7899,556,3445.7,21,5,84002.01,RUB,False,cr_35570,
2026-06-07,Spring Promo,Meta Ads,Moscow,desktop,/case-study,Ivan,14337,324,6485.45,22,4,54195.17,RUB,True,cr_32796,
2026-09-25,Summer Sale,Email,Yekaterinburg,desktop,/pricing,Ivan,10583,753,1129.5,58,12,138239.31,RUB,False,cr_26464,high competition
2026-08-14,Summer Sale,Referral,Yekaterinburg,tablet,/,Anna,6741,232,348.0,11,2,18551.72,RUB,True,cr_73983,
2026-08-16,Performance Max,Referral,Kazan,mobile,/blog/seo,Ivan,4641,156,1519.8,10,2,20757.83,RUB,True,cr_74808,
2026-04-25,Summer Sale,Organic,Saint Petersburg,mobile,/pricing,Olga,14006,819,3820.23,45,12,158329.38,RUB,False,cr_19569,
2026-01-22,Retargeting,Organic,Saint Petersburg,mobile,/,Olga,11259,590,885.0,64,16,229876.03,RUB,False,cr_19847,manual check
2026-04-13,Lookalike Prospecting,Google Ads,Yekaterinburg,mobile,/demo,Ivan,18485,1020,29267.92,36,9,83778.24,RUB,False,cr_62066,
2026-06-11,B2B Leads,Meta Ads,Yekaterinburg,desktop,/pricing,,8320,118,2080.22,20,2,29436.05,RUB,True,cr_12473,
2026-06-26,Summer Sale,Organic,Saint Petersburg,desktop,/demo,Anna,11880,730,1095.0,67,21,332664.03,RUB,True,cr_40183,
2026-05-24,Summer Sale,Meta Ads,Novosibirsk,tablet,/contact,Anna,14374,633,16284.54,43,7,78196.74,RUB,False,cr_23782,manual check
2026-07-24,Awareness Video,Organic,Novosibirsk,desktop,/contact,Sergey,18996,1131,1696.5,55,13,175966.97,RUB,True,cr_88885,
2026-05-06,Summer Sale,Google Ads,Kazan,desktop,/pricing,Sergey,22026,971,26305.62,76,19,301562.3,RUB,False,cr_16806,
2026-06-21,Spring Promo,Google Ads,Yekaterinburg,mobile,/product,Olga,17094,941,22295.63,108,19,168198.01,RUB,True,cr_25591,
2026-04-29,B2B Leads,Organic,Saint Petersburg,mobile,/pricing,Ivan,8317,592,3759.7,102,23,223186.35,RUB,False,cr_38743,
2026-09-24,Awareness Video,Google Ads,Saint Petersburg,desktop,/case-study,,20308,795,21045.63,60,14,190949.96,RUB,False,cr_69337,
2026-08-22,Brand Search,Referral,Saint Petersburg,mobile,/product,Ivan,4185,171,1684.75,16,4,49283.41,RUB,True,cr_97402,
2026-05-20,Retargeting,Referral,Kazan,desktop,/pricing,Nikita,7129,311,466.5,21,4,57623.85,RUB,False,cr_10036,manual check
2026-07-24,Awareness Video,Organic,Novosibirsk,desktop,/contact,Sergey,18996,1131,1696.5,55,13,175966.97,RUB,True,cr_88885,
2026-06-12,Lookalike Prospecting,Meta Ads,Novosibirsk,desktop,/pricing,Nikita,13554,272,5530.0,8,1,14899.78,RUB,True,cr_31395,
2026-01-31,Brand Search,Email,Moscow,mobile,/blog/seo,Nikita,8986,659,1654.86,98,32,481305.97,RUB,False,cr_18329,
2026-03-30,Lookalike Prospecting,Meta Ads,Moscow,desktop,/pricing,,19059,845,18048.46,48,12,179208.71,RUB,True,cr_56098,
2026-05-21,Awareness Video,Organic,Kazan,desktop,/,Ivan,24849,1911,2866.5,54,16,218920.55,RUB,False,cr_67016,
2026-05-31,B2B Leads,Meta Ads,Kazan,desktop,/case-study,,6574,103,2008.76,16,3,31982.96,RUB,False,cr_77470,
2026-02-18,Summer Sale,Google Ads,Novosibirsk,desktop,/demo,Nikita,21746,980,28715.54,89,21,258560.25,RUB,False,cr_94892,manual check
2026-02-23,Retargeting,Organic,Kazan,mobile,/product,Nikita,11641,839,6677.6,76,14,133983.64,RUB,False,cr_66053,
2026-07-08,Retargeting,Email,Saint Petersburg,mobile,/case-study,,7910,598,897.0,55,14,157090.31,RUB,True,cr_26555,
2026-09-12,Lookalike Prospecting,Google Ads,Novosibirsk,mobile,/product,Ivan,6820,368,8942.24,25,7,95988.49,RUB,False,cr_93017,
2026-01-04,B2B Leads,Email,Moscow,tablet,/case-study,,3788,334,1968.25,53,11,103607.03,RUB,False,cr_16102,
2026-09-23,Awareness Video,Meta Ads,Yekaterinburg,mobile,/demo,Nikita,18497,602,13259.73,10,2,19783.81,RUB,False,cr_79498,
2026-04-30,Brand Search,Google Ads,Novosibirsk,mobile,/blog/seo,,22355,1182,29903.94,181,29,318011.07,RUB,False,cr_33396,
2026-05-24,Brand Search,Google Ads,Moscow,mobile,/blog/seo,Olga,20349,991,24302.39,145,30,259083.39,RUB,False,cr_44293,
2026-04-28,Summer Sale,Google Ads,Kazan,desktop,/contact,Nikita,19120,659,14508.7,48,12,154913.62,RUB,False,cr_56246,
2026-04-20,Retargeting,Email,Kazan,mobile,/case-study,Nikita,5982,460,690.0,48,15,145531.3,RUB,False,cr_89332,
2026-09-06,Summer Sale,Referral,Kazan,desktop,/demo,Olga,2880,115,911.92,9,1,11107.68,RUB,False,cr_98728,creative refresh
2026-06-19,Awareness Video,Organic,Moscow,desktop,/blog/seo,Ivan,20729,1027,1540.5,21,4,72669.94,RUB,True,cr_30557,
2026-07-10,Spring Promo,Meta Ads,Yekaterinburg,tablet,/case-study,Olga,16179,565,8045.88,53,9,133626.06,RUB,True,cr_71339,manual check
2026-03-05,Lookalike Prospecting,Google Ads,Yekaterinburg,mobile,/product,Ivan,17343,710,22677.22,28,6,73375.3,RUB,True,cr_57101,
2026-07-11,Lookalike Prospecting,Email,Kazan,mobile,/demo,Nikita,8208,591,1838.44,38,4,49320.69,RUB,True,cr_89777,
2026-04-17,Retargeting,Organic,Kazan,mobile,/product,Nikita,11679,853,1279.5,85,17,143001.05,RUB,False,cr_13650,landing page updated
2026-07-16,Spring Promo,LinkedIn,Saint Petersburg,desktop,/contact,Olga,6131,92,4580.05,5,0,0.0,RUB,True,cr_48135,
2026-02-01,B2B Leads,Meta Ads,Moscow,desktop,/contact,Ivan,10043,240,5536.8,49,8,116158.9,RUB,False,cr_54629,
2026-05-05,B2B Leads,Google Ads,Kazan,desktop,/demo,Ivan,11830,523,9090.42,97,18,233249.69,RUB,False,cr_14311,
2026-06-07,B2B Leads,Meta Ads,Yekaterinburg,desktop,/product,Sergey,10581,492,9174.63,77,13,201542.54,RUB,True,cr_16840,
2026-05-02,Awareness Video,LinkedIn,Yekaterinburg,desktop,/case-study,Nikita,8555,317,13067.48,12,2,26051.54,RUB,False,cr_43257,landing page updated
2026-06-14,Brand Search,Google Ads,Yekaterinburg,desktop,/contact,Nikita,18912,914,25068.57,134,29,360923.51,RUB,True,cr_39605,
2026-04-26,Lookalike Prospecting,Google Ads,Saint Petersburg,mobile,/product,Nikita,17742,615,16498.0,31,6,73278.95,RUB,False,cr_48677,high competition
2026-01-18,Awareness Video,Email,Moscow,desktop,/,Ivan,13780,1051,5023.16,28,7,107574.03,RUB,False,cr_64302,manual check
2026-09-01,Lookalike Prospecting,Meta Ads,Saint Petersburg,desktop,/contact,,10421,270,7575.33,15,2,27516.21,RUB,False,cr_12315,
2026-08-11,Summer Sale,Google Ads,Moscow,mobile,/pricing,Anna,10744,478,13772.2,44,8,62415.11,RUB,True,cr_73175,
2026-05-18,Lookalike Prospecting,Referral,Yekaterinburg,desktop,/contact,Nikita,7961,319,3588.24,17,2,34168.3,RUB,False,cr_77865,
2026-02-18,Awareness Video,Organic,Moscow,mobile,/contact,Olga,24678,1697,6733.82,34,4,56416.08,RUB,False,cr_14986,high competition
2026-02-25,Summer Sale,Meta Ads,Saint Petersburg,mobile,/contact,Olga,18746,703,17970.18,51,11,89130.63,RUB,False,cr_48712,
2026-01-16,Awareness Video,Google Ads,Novosibirsk,desktop,/case-study,,29980,1156,19100.09,27,5,52304.15,RUB,False,cr_10060,
2026-09-26,Spring Promo,LinkedIn,Novosibirsk,mobile,/contact,Nikita,5369,227,8686.1,20,3,34238.19,RUB,False,cr_52995,
2026-02-21,Summer Sale,Meta Ads,Kazan,mobile,/,Olga,19951,744,15883.32,48,6,47144.22,RUB,False,cr_63053,
2026-01-02,Lookalike Prospecting,LinkedIn,Moscow,desktop,/blog/seo,Nikita,9795,319,12684.35,21,3,40282.7,RUB,False,cr_71373,
2026-01-18,Spring Promo,Google Ads,Kazan,desktop,/product,Anna,15328,790,19036.74,63,17,188228.67,RUB,False,cr_76672,
2026-09-17,Spring Promo,Google Ads,Yekaterinburg,desktop,,,13482,666,12293.59,42,9,148822.33,RUB,False,cr_24312,
2026-01-14,Performance Max,Organic,Kazan,desktop,/case-study,Sergey,24419,2015,3022.5,20,4,58801.69,RUB,False,cr_62487,
2026-08-30,Summer Sale,Google Ads,Kazan,mobile,/,Ivan,12399,473,12333.84,54,13,152882.73,RUB,True,cr_11982,manual check
2026-07-11,Awareness Video,Organic,Saint Petersburg,desktop,/,Nikita,13725,1168,4561.88,31,8,144542.5,RUB,True,cr_35444,
2026-09-14,Lookalike Prospecting,Google Ads,Moscow,desktop,/,Sergey,11931,503,12615.49,14,2,31772.85,RUB,False,cr_48624,
2026-04-29,Performance Max,LinkedIn,Moscow,mobile,/,Ivan,15028,570,21711.22,38,7,103819.64,RUB,False,cr_63911,
2026-04-16,Brand Search,Organic,Saint Petersburg,mobile,/pricing,Sergey,14722,1139,1708.5,132,39,406386.55,RUB,False,cr_83960,
2026-04-04,Awareness Video,LinkedIn,Kazan,mobile,/pricing,,11640,149,5396.59,7,1,8965.03,RUB,False,cr_98916,
2026-04-30,Awareness Video,Organic,Saint Petersburg,mobile,/contact,Sergey,22006,1503,2254.5,68,15,186401.23,RUB,False,cr_27157,
2026-05-04,Performance Max,Meta Ads,Kazan,desktop,/contact,Sergey,28759,587,15459.71,47,7,95288.19,RUB,False,cr_54111,
2026-06-06,Spring Promo,Organic,Kazan,mobile,/contact,Ivan,10675,517,3905.76,42,9,132008.45,RUB,True,cr_34102,
2026-08-23,Brand Search,Organic,Yekaterinburg,mobile,/blog/seo,Olga,5703,350,2301.51,51,11,138783.1,RUB,True,cr_54938,
2026-06-10,Lookalike Prospecting,Meta Ads,Kazan,tablet,/pricing,Nikita,16138,476,7432.27,31,4,49543.31,RUB,True,cr_48575,creative refresh
2026-03-21,B2B Leads,Meta Ads,Yekaterinburg,mobile,/blog/seo,Nikita,10107,436,7488.55,77,17,157790.8,RUB,True,cr_76766,
2026-04-01,Retargeting,Referral,Kazan,desktop,/blog/seo,Sergey,5268,276,2367.43,26,4,59754.66,RUB,False,cr_92428,
2026-04-14,Lookalike Prospecting,LinkedIn,Kazan,mobile,/pricing,Anna,9010,311,12809.75,9,2,22608.93,RUB,False,cr_95474,
2026-02-02,Summer Sale,Referral,Kazan,mobile,/blog/seo,,5387,218,721.57,23,3,37690.34,RUB,False,cr_18004,
2026-09-01,B2B Leads,Email,Kazan,mobile,/product,Anna,2999,253,1269.76,36,7,97422.81,RUB,False,cr_69965,
2026-01-21,Performance Max,Referral,Moscow,mobile,/blog/seo,Ivan,9343,400,4545.67,27,6,81801.8,RUB,False,cr_84131,
2026-09-09,Performance Max,Meta Ads,Yekaterinburg,desktop,/contact,,16528,630,7810.29,46,9,118650.72,RUB,False,cr_72995,
2026-06-10,Spring Promo,Referral,Yekaterinburg,desktop,/demo,Olga,9158,430,2961.47,44,9,112248.02,RUB,True,cr_35968,
2026-07-26,Performance Max,LinkedIn,Moscow,mobile,/demo,Ivan,9196,483,18135.32,51,12,139147.76,RUB,True,cr_61712,
2026-07-24,Performance Max,Meta Ads,Novosibirsk,desktop,/case-study,Nikita,23538,559,8836.21,49,6,81400.09,RUB,True,cr_71102,creative refresh
2026-03-22,Performance Max,Referral,Yekaterinburg,desktop,/product,Sergey,8443,505,6894.26,37,8,128628.11,RUB,True,cr_13114,
2026-09-02,Awareness Video,Email,Yekaterinburg,mobile,/product,Anna,13300,1065,1597.5,51,13,144062.53,RUB,False,cr_31540,
2026-07-12,Brand Search,LinkedIn,Saint Petersburg,desktop,/blog/seo,Olga,6518,299,11447.71,35,7,92859.29,RUB,True,cr_10594,
2026-08-10,Spring Promo,Organic,Saint Petersburg,desktop,/blog/seo,Sergey,13725,983,4017.74,92,17,274635.7,RUB,True,cr_77381,manual check
2026-03-21,Awareness Video,Google Ads,Novosibirsk,mobile,/pricing,Olga,29015,1456,42547.45,43,13,118900.76,RUB,True,cr_42769,
2026-01-15,Lookalike Prospecting,LinkedIn,Kazan,tablet,/blog/seo,,5703,128,4393.07,11,1,10885.76,RUB,False,cr_86918,
2026-05-02,B2B Leads,Organic,Moscow,tablet,/pricing,Sergey,8308,514,771.0,78,14,191300.01,RUB,False,cr_89064,
2026-08-05,Summer Sale,Organic,Novosibirsk,mobile,/blog/seo,Nikita,8201,503,2399.24,38,6,99246.12,RUB,True,cr_48798,
2026-08-16,Awareness Video,Referral,Yekaterinburg,mobile,/product,Nikita,8502,302,3191.79,10,1,9240.48,RUB,True,cr_88950,
2026-08-21,Brand Search,Referral,Yekaterinburg,mobile,/pricing,,6454,209,927.91,24,5,62101.04,RUB,True,cr_23679,
2026-07-30,Lookalike Prospecting,Google Ads,Novosibirsk,mobile,/product,Sergey,10398,593,17722.89,20,3,31554.4,RUB,True,cr_42398,
2026-09-04,Retargeting,Organic,Yekaterinburg,desktop,/pricing,Olga,6879,411,3146.25,38,8,92918.49,RUB,False,cr_44929,high competition
2026-03-15,Performance Max,LinkedIn,Yekaterinburg,desktop,/contact,Sergey,11582,247,7943.48,22,3,42639.13,RUB,True,cr_98603,
2026-03-09,Retargeting,Email,Kazan,mobile,/pricing,Anna,4612,448,3933.84,48,12,172566.75,RUB,True,cr_96593,
2026-01-11,Spring Promo,Google Ads,Moscow,mobile,/case-study,,14236,779,14273.13,69,14,181975.6,RUB,False,cr_52101,
2026-03-31,Summer Sale,Organic,Kazan,desktop,/case-study,Anna,18614,1217,3529.57,93,23,343749.22,RUB,True,cr_39777,
2026-01-04,Brand Search,Meta Ads,Yekaterinburg,mobile,/demo,Olga,18423,293,6563.34,40,7,59509.06,RUB,False,cr_66835,
2026-05-03,Lookalike Prospecting,Organic,Moscow,desktop,/demo,Olga,8119,477,1826.57,44,9,138972.47,RUB,False,cr_77381,
2026-07-24,Brand Search,Email,Saint Petersburg,mobile,/pricing,Nikita,9999,829,1243.5,115,39,429021.11,RUB,True,cr_33289,landing page updated
2026-02-17,Awareness Video,Google Ads,Novosibirsk,desktop,/demo,Anna,31012,1219,34434.02,65,19,250605.17,RUB,False,cr_61001,
2026-09-30,Retargeting,Organic,Kazan,desktop,/demo,Nikita,5859,387,580.5,38,7,115697.51,RUB,False,cr_23677,
2026-08-06,Summer Sale,Meta Ads,Saint Petersburg,mobile,/pricing,Olga,17896,258,4912.34,18,3,37935.85,RUB,True,cr_98116,
2026-07-22,Lookalike Prospecting,Google Ads,Kazan,mobile,/pricing,Anna,16583,518,11531.07,27,6,90659.77,RUB,True,cr_75994,
2026-05-15,Brand Search,Organic,Saint Petersburg,mobile,/pricing,Olga,16848,1164,1746.0,141,37,409846.24,RUB,False,cr_18252,manual check
2026-04-20,Performance Max,Meta Ads,Yekaterinburg,mobile,/,Nikita,29416,767,16863.6,58,15,150154.92,RUB,False,cr_27733,manual check
2026-02-02,Spring Promo,Organic,Yekaterinburg,mobile,,,18359,1223,1985.65,90,22,285827.13,RUB,False,cr_77843,
2026-08-12,B2B Leads,Referral,Moscow,mobile,/case-study,Anna,5331,263,603.15,48,10,92659.66,RUB,True,cr_41578,
2026-04-28,Spring Promo,Google Ads,Saint Petersburg,desktop,/demo,Olga,20640,594,17663.61,58,14,216379.17,RUB,False,cr_11312,
2026-09-18,Lookalike Prospecting,Organic,Moscow,desktop,/product,Ivan,6667,393,1148.68,24,4,67881.34,RUB,False,cr_49958,
2026-03-07,Brand Search,Google Ads,Saint Petersburg,mobile,/blog/seo,Olga,15457,647,17917.07,56,14,130329.56,RUB,True,cr_63311,
2026-03-06,B2B Leads,Google Ads,Yekaterinburg,mobile,/product,Nikita,9726,447,9149.79,74,16,171755.68,RUB,True,cr_15695,
2026-09-13,Awareness Video,Google Ads,Saint Petersburg,mobile,/product,Ivan,16590,1121,26234.73,51,11,135833.36,RUB,False,cr_93220,
2026-07-09,B2B Leads,Google Ads,Yekaterinburg,desktop,/,Anna,10726,503,11420.36,65,15,182931.1,RUB,True,cr_69547,
2026-01-01,Brand Search,Google Ads,Novosibirsk,desktop,/product,Nikita,14188,547,14052.85,74,19,196520.33,RUB,False,cr_11016,
2026-04-29,Spring Promo,Email,Saint Petersburg,desktop,,,12774,1024,2599.97,51,17,258142.52,RUB,False,cr_34843,
2026-06-13,Lookalike Prospecting,Referral,Saint Petersburg,mobile,/blog/seo,Olga,2775,92,559.79,5,1,9222.76,RUB,True,cr_92641,
2026-02-02,Performance Max,Meta Ads,Novosibirsk,mobile,/contact,Sergey,26243,1037,19984.46,88,17,170385.07,RUB,False,cr_87067,
2026-05-09,Retargeting,LinkedIn,Moscow,mobile,/blog/seo,Anna,4209,148,6342.42,16,2,27086.56,RUB,False,cr_47405,
2026-03-27,Retargeting,Organic,Saint Petersburg,mobile,/contact,Ivan,11423,586,1788.95,54,12,151671.16,RUB,True,cr_98657,
2026-08-25,Brand Search,Google Ads,Yekaterinburg,mobile,/demo,,15351,766,15898.98,116,28,276642.85,RUB,True,cr_97562,
2026-01-12,Awareness Video,Meta Ads,Kazan,mobile,/pricing,Anna,28453,1116,25515.88,35,5,63240.12,RUB,False,cr_76656,
2026-05-13,Lookalike Prospecting,Meta Ads,Saint Petersburg,mobile,/,,16063,861,13858.66,69,12,158734.45,RUB,False,cr_80461,
2026-04-19,Summer Sale,Organic,Kazan,desktop,/,Nikita,15684,1090,3262.7,94,22,321716.36,RUB,False,cr_59508,
2026-05-15,Spring Promo,Email,Yekaterinburg,desktop,/pricing,Olga,10000,856,1284.0,52,15,241398.05,RUB,False,cr_40346,
2026-06-23,Awareness Video,Email,Novosibirsk,tablet,/,Nikita,13848,982,3495.53,41,9,115394.73,RUB,True,cr_32560,
2026-05-19,Retargeting,LinkedIn,Novosibirsk,mobile,/case-study,Anna,3949,185,7277.0,20,3,36714.58,RUB,False,cr_93071,
2026-08-28,Summer Sale,Organic,Kazan,desktop,/product,Anna,10991,614,921.0,63,15,191996.28,RUB,True,cr_11982,high competition
2026-03-31,Lookalike Prospecting,Google Ads,Moscow,desktop,/blog/seo,Ivan,18236,846,26029.75,47,13,157397.84,RUB,True,cr_29156,
2026-03-04,Lookalike Prospecting,Google Ads,Yekaterinburg,mobile,/contact,Olga,13835,615,15843.44,38,8,94978.61,RUB,True,cr_54036,
2026-04-08,Awareness Video,Meta Ads,Kazan,mobile,/,Sergey,33345,659,14828.88,28,4,38300.15,RUB,False,cr_56660,
2026-06-29,Brand Search,Email,Novosibirsk,mobile,/blog/seo,Sergey,10271,893,2712.32,102,28,304769.01,RUB,True,cr_24039,
2026-04-03,Retargeting,Meta Ads,Saint Petersburg,desktop,/demo,Sergey,13897,443,8556.59,52,7,98213.63,RUB,False,cr_95366,
2026-02-07,Summer Sale,Email,Saint Petersburg,desktop,/contact,Ivan,11357,862,8249.22,69,18,265440.17,RUB,False,cr_49758,
2026-04-13,Performance Max,LinkedIn,Moscow,mobile,/blog/seo,Sergey,14818,332,12186.47,26,3,36971.0,RUB,False,cr_13435,
2026-09-10,B2B Leads,Google Ads,Novosibirsk,tablet,/,Olga,4682,302,6945.21,47,14,155542.46,RUB,False,cr_77071,
2026-05-01,B2B Leads,Organic,Moscow,mobile,/,Anna,8616,664,2283.47,100,18,199479.14,RUB,False,cr_32117,
2026-02-04,B2B Leads,Google Ads,Novosibirsk,desktop,/case-study,Olga,9611,453,11926.55,74,19,252424.09,RUB,False,cr_63330,
2026-07-27,Lookalike Prospecting,Organic,Moscow,mobile,/contact,Sergey,12811,947,1420.5,33,5,66118.68,RUB,True,cr_42322,
2026-08-01,Awareness Video,Google Ads,Moscow,mobile,/demo,Olga,19398,746,19125.11,10,2,20492.67,RUB,True,cr_48623,
2026-05-24,Performance Max,Google Ads,Kazan,tablet,/case-study,Sergey,23642,916,22563.29,61,15,198062.47,RUB,False,cr_10255,
2026-07-30,Spring Promo,Meta Ads,Saint Petersburg,desktop,/pricing,Ivan,13411,357,6093.03,20,4,61582.74,RUB,True,cr_39473,
2026-02-07,Spring Promo,Meta Ads,Novosibirsk,mobile,/contact,Sergey,11210,404,6895.37,33,8,109466.9,RUB,False,cr_79569,
2026-05-27,Awareness Video,Meta Ads,Kazan,desktop,/case-study,Ivan,32728,1097,24195.18,32,7,111862.64,RUB,False,cr_25295,
2026-03-14,Brand Search,Google Ads,Yekaterinburg,desktop,/demo,Anna,18833,691,16922.16,82,10,185112.41,RUB,True,cr_19095,
2026-08-05,Awareness Video,Organic,Yekaterinburg,tablet,/contact,Olga,15291,1424,6226.31,69,14,151245.08,RUB,True,cr_21230,
2026-02-23,Performance Max,Meta Ads,Novosibirsk,desktop,/product,Olga,30171,956,23753.69,69,13,134408.76,RUB,False,cr_74925,
2026-04-05,Spring Promo,Organic,Saint Petersburg,mobile,/,Anna,12659,969,6957.36,87,22,283349.69,RUB,False,cr_12251,
2026-01-24,B2B Leads,Referral,Yekaterinburg,desktop,,,400,17,25.5,2,0,0.0,RUB,False,cr_36987,
2026-05-07,Retargeting,Meta Ads,Novosibirsk,mobile,/,,13036,445,6446.34,51,9,124936.08,RUB,False,cr_98263,
2026-05-28,B2B Leads,Google Ads,Yekaterinburg,desktop,/blog/seo,,7320,333,8942.62,56,14,222448.65,RUB,False,cr_57700,
2026-01-09,Retargeting,Meta Ads,Saint Petersburg,mobile,/contact,Nikita,15129,403,7863.4,36,4,42141.05,RUB,False,cr_22015,
2026-03-26,Awareness Video,Meta Ads,Moscow,mobile,/pricing,Anna,35945,538,9390.35,24,3,43698.88,RUB,True,cr_16727,
2026-01-01,B2B Leads,Referral,Saint Petersburg,desktop,/pricing,Anna,2291,132,916.87,18,4,46544.91,RUB,False,cr_29457,
2026-04-23,Lookalike Prospecting,Organic,Saint Petersburg,mobile,/demo,Anna,13989,808,1212.0,20,5,61310.86,RUB,False,cr_10486,
2026-05-31,Brand Search,Organic,Yekaterinburg,mobile,/,Anna,12299,616,1025.27,75,18,215851.18,RUB,False,cr_63281,creative refresh
2026-04-15,Retargeting,Organic,Yekaterinburg,mobile,,,11194,851,5047.05,63,15,170522.72,RUB,False,cr_67089,
2026-08-01,Brand Search,Meta Ads,Moscow,mobile,/,Sergey,14244,266,5746.31,36,4,40611.7,RUB,True,cr_95141,
2026-01-26,Performance Max,Organic,Novosibirsk,mobile,/pricing,Olga,21897,971,7675.35,86,25,308663.94,RUB,False,cr_62290,manual check
2026-02-25,Performance Max,Organic,Kazan,tablet,/case-study,Ivan,24550,1621,2431.5,104,27,368360.89,RUB,False,cr_62198,
2026-08-26,B2B Leads,Organic,Moscow,desktop,/demo,Anna,5299,329,2782.48,40,9,136890.89,RUB,True,cr_38610,
2026-01-17,Performance Max,Google Ads,Saint Petersburg,mobile,/case-study,Nikita,20216,1074,37597.3,84,14,170414.84,RUB,False,cr_94386,manual check
2026-01-11,B2B Leads,Google Ads,Novosibirsk,desktop,/product,Sergey,7940,391,10970.29,62,17,181250.06,RUB,False,cr_69383,
2026-06-08,Performance Max,Meta Ads,Yekaterinburg,mobile,/case-study,Anna,28239,365,5216.42,36,6,62219.78,RUB,True,cr_80009,
2026-01-27,Spring Promo,Email,Saint Petersburg,desktop,,,8936,727,1709.69,62,17,246471.22,RUB,False,cr_38179,
2026-01-23,Brand Search,Referral,Moscow,desktop,/case-study,Olga,6196,270,2975.55,33,7,120497.17,RUB,False,cr_76024,
2026-01-25,Brand Search,Organic,Yekaterinburg,desktop,/contact,Nikita,11392,636,954.0,68,15,188745.84,RUB,False,cr_79249,
2026-09-19,Retargeting,Meta Ads,Yekaterinburg,desktop,/product,Nikita,9769,292,7195.85,22,4,44102.85,RUB,False,cr_89114,
